{"stats":{"minecraft:picked_up":{"minecraft:birch_log":2,"minecraft:stick":1,"minecraft:salmon":1,"minecraft:diamond":98,"minecraft:porkchop":3,"minecraft:granite":2,"minecraft:cod":2,"minecraft:string":2},"minecraft:killed_by":{"minecraft:skeleton":1,"minecraft:creeper":6,"minecraft:wither":4},"minecraft:used":{"minecraft:creeper_spawn_egg":1,"minecraft:soul_sand":95,"minecraft:wither_skeleton_skull":81,"minecraft:green_bed":1,"minecraft:brown_bed":2},"minecraft:dropped":{"minecraft:diamond":203},"minecraft:custom":{"minecraft:time_since_rest":2151,"minecraft:crouch_one_cm":996,"minecraft:play_time":16555,"minecraft:sprint_one_cm":7002,"minecraft:damage_taken":4395,"minecraft:walk_one_cm":14236,"minecraft:deaths":14,"minecraft:sneak_time":351,"minecraft:walk_under_water_one_cm":7201,"minecraft:drop":107,"minecraft:jump":91,"minecraft:damage_dealt":20,"minecraft:leave_game":3,"minecraft:walk_on_water_one_cm":7132,"minecraft:time_since_death":2131,"minecraft:total_world_time":16555,"minecraft:swim_one_cm":6797,"minecraft:fall_one_cm":19807,"minecraft:fly_one_cm":285997},"minecraft:mined":{"minecraft:birch_log":1}},"DataVersion":2975}