{"stats":{"minecraft:mined":{"minecraft:crafting_table":5,"minecraft:torch":1,"minecraft:grass_block":1,"minecraft:tall_grass":1,"minecraft:cobblestone":7,"minecraft:sugar_cane":4,"minecraft:furnace":1,"minecraft:yellow_bed":3,"minecraft:gold_block":1,"minecraft:grass":10,"minecraft:oak_log":3,"minecraft:coal_ore":9,"minecraft:stripped_oak_log":8,"minecraft:cracked_stone_bricks":1,"minecraft:stone":16,"minecraft:netherrack":6,"minecraft:oak_leaves":2},"minecraft:picked_up":{"minecraft:stripped_oak_log":8,"minecraft:crafting_table":5,"minecraft:chicken":2,"minecraft:leather":5,"minecraft:gold_block":1,"minecraft:oak_log":3,"minecraft:yellow_bed":3,"minecraft:dirt":1,"minecraft:bone":2,"minecraft:wheat_seeds":2,"minecraft:iron_ingot":4,"minecraft:beef":8,"minecraft:oak_boat":1,"minecraft:poppy":1,"minecraft:sugar_cane":4,"minecraft:furnace":1,"minecraft:torch":1,"minecraft:porkchop":17,"minecraft:lily_of_the_valley":1,"minecraft:rotten_flesh":1,"minecraft:netherrack":1,"minecraft:mutton":18,"minecraft:coal":8,"minecraft:white_wool":10,"minecraft:cobblestone":23,"minecraft:ender_pearl":1},"minecraft:custom":{"minecraft:interact_with_furnace":6,"minecraft:mob_kills":27,"minecraft:interact_with_crafting_table":8,"minecraft:time_since_death":18000,"minecraft:sleep_in_bed":1,"minecraft:time_since_rest":13276,"minecraft:sprint_one_cm":73972,"minecraft:damage_taken":201,"minecraft:walk_one_cm":24324,"minecraft:damage_blocked_by_shield":250,"minecraft:drop":4,"minecraft:damage_dealt":3690,"minecraft:swim_one_cm":7285,"minecraft:fly_one_cm":104000,"minecraft:open_chest":4,"minecraft:crouch_one_cm":4294,"minecraft:play_time":18000,"minecraft:sneak_time":1878,"minecraft:walk_under_water_one_cm":210,"minecraft:jump":439,"minecraft:walk_on_water_one_cm":2107,"minecraft:total_world_time":18000,"minecraft:fall_one_cm":12346},"minecraft:crafted":{"minecraft:cooked_beef":6,"minecraft:oak_planks":44,"minecraft:crafting_table":1,"minecraft:wooden_pickaxe":1,"minecraft:cooked_chicken":1,"minecraft:furnace":1,"minecraft:stone_axe":1,"minecraft:air":0,"minecraft:oak_boat":1,"minecraft:shield":1,"minecraft:stick":8,"minecraft:iron_ingot":1,"minecraft:iron_pickaxe":1,"minecraft:torch":8},"minecraft:killed":{"minecraft:pig":7,"minecraft:iron_golem":1,"minecraft:sheep":10,"minecraft:skeleton":1,"minecraft:zombie":1,"minecraft:chicken":2,"minecraft:enderman":1,"minecraft:cow":4},"minecraft:dropped":{"minecraft:wheat_seeds":2,"minecraft:poppy":1,"minecraft:wooden_pickaxe":1},"minecraft:used":{"minecraft:oak_planks":6,"minecraft:shield":6,"minecraft:wooden_pickaxe":6,"minecraft:rotten_flesh":1,"minecraft:netherrack":1,"minecraft:torch":6,"minecraft:dirt":1,"minecraft:mutton":1,"minecraft:lily_of_the_valley":1,"minecraft:crafting_table":5,"minecraft:iron_pickaxe":41,"minecraft:golden_helmet":1,"minecraft:stone_axe":69,"minecraft:cobblestone":12,"minecraft:beef":2,"minecraft:furnace":1,"minecraft:yellow_bed":2,"minecraft:oak_boat":1,"minecraft:cooked_beef":2}},"DataVersion":2975}