{"stats":{"minecraft:mined":{"minecraft:crafting_table":7,"minecraft:torch":1,"minecraft:grass_block":1,"minecraft:tall_grass":1,"minecraft:cobblestone":7,"minecraft:sugar_cane":4,"minecraft:furnace":2,"minecraft:iron_ore":8,"minecraft:yellow_bed":4,"minecraft:gold_block":1,"minecraft:grass":10,"minecraft:pointed_dripstone":1,"minecraft:oak_log":3,"minecraft:coal_ore":21,"minecraft:stripped_oak_log":8,"minecraft:cracked_stone_bricks":1,"minecraft:stone":20,"minecraft:netherrack":6,"minecraft:oak_leaves":2},"minecraft:picked_up":{"minecraft:stripped_oak_log":8,"minecraft:crafting_table":7,"minecraft:chicken":2,"minecraft:glow_ink_sac":3,"minecraft:leather":10,"minecraft:gold_block":1,"minecraft:oak_log":3,"minecraft:yellow_bed":4,"minecraft:dirt":1,"minecraft:bone":2,"minecraft:wheat_seeds":2,"minecraft:iron_ingot":4,"minecraft:beef":15,"minecraft:oak_boat":1,"minecraft:poppy":1,"minecraft:sugar_cane":4,"minecraft:furnace":2,"minecraft:raw_iron":8,"minecraft:torch":1,"minecraft:porkchop":17,"minecraft:pointed_dripstone":1,"minecraft:lily_of_the_valley":1,"minecraft:arrow":2,"minecraft:rotten_flesh":1,"minecraft:netherrack":1,"minecraft:mutton":18,"minecraft:coal":21,"minecraft:white_wool":10,"minecraft:cobblestone":27,"minecraft:ender_pearl":1},"minecraft:custom":{"minecraft:interact_with_furnace":11,"minecraft:mob_kills":32,"minecraft:interact_with_crafting_table":10,"minecraft:leave_game":1,"minecraft:time_since_death":24428,"minecraft:sleep_in_bed":1,"minecraft:time_since_rest":19704,"minecraft:sprint_one_cm":103373,"minecraft:damage_taken":299,"minecraft:walk_one_cm":32498,"minecraft:damage_blocked_by_shield":420,"minecraft:drop":4,"minecraft:damage_dealt":4290,"minecraft:swim_one_cm":7285,"minecraft:fly_one_cm":135336,"minecraft:open_chest":4,"minecraft:crouch_one_cm":4756,"minecraft:play_time":24428,"minecraft:sneak_time":2191,"minecraft:walk_under_water_one_cm":210,"minecraft:jump":655,"minecraft:walk_on_water_one_cm":3187,"minecraft:total_world_time":24428,"minecraft:fall_one_cm":18702},"minecraft:crafted":{"minecraft:cooked_beef":6,"minecraft:oak_planks":44,"minecraft:crafting_table":1,"minecraft:wooden_pickaxe":1,"minecraft:cooked_chicken":2,"minecraft:furnace":1,"minecraft:bucket":1,"minecraft:stone_axe":1,"minecraft:air":0,"minecraft:oak_boat":1,"minecraft:shield":1,"minecraft:iron_axe":1,"minecraft:stick":16,"minecraft:iron_ingot":9,"minecraft:iron_pickaxe":1,"minecraft:torch":20},"minecraft:killed":{"minecraft:pig":7,"minecraft:iron_golem":1,"minecraft:sheep":10,"minecraft:skeleton":2,"minecraft:zombie":1,"minecraft:chicken":2,"minecraft:enderman":1,"minecraft:cow":8},"minecraft:dropped":{"minecraft:wheat_seeds":2,"minecraft:poppy":1,"minecraft:wooden_pickaxe":1},"minecraft:used":{"minecraft:oak_planks":6,"minecraft:shield":10,"minecraft:wooden_pickaxe":6,"minecraft:cooked_chicken":1,"minecraft:rotten_flesh":1,"minecraft:netherrack":1,"minecraft:torch":18,"minecraft:dirt":1,"minecraft:mutton":1,"minecraft:lily_of_the_valley":1,"minecraft:crafting_table":7,"minecraft:iron_axe":7,"minecraft:iron_pickaxe":73,"minecraft:golden_helmet":1,"minecraft:stone_axe":70,"minecraft:cobblestone":14,"minecraft:beef":2,"minecraft:furnace":2,"minecraft:bucket":1,"minecraft:yellow_bed":2,"minecraft:oak_boat":1,"minecraft:cooked_beef":3}},"DataVersion":2975}