{"stats":{"minecraft:killed_by":{"minecraft:creeper":1,"minecraft:zombie":1},"minecraft:mined":{"minecraft:deepslate_diamond_ore":16,"minecraft:granite":4,"minecraft:grass_block":17,"minecraft:hay_block":9,"minecraft:tall_seagrass":1,"minecraft:furnace":5,"minecraft:iron_ore":44,"minecraft:cobbled_deepslate":6,"minecraft:fire":2,"minecraft:deepslate_lapis_ore":5,"minecraft:gold_block":1,"minecraft:deepslate_iron_ore":1,"minecraft:stone":24,"minecraft:amethyst_cluster":2,"minecraft:crafting_table":12,"minecraft:torch":1,"minecraft:calcite":2,"minecraft:cobblestone":6,"minecraft:tall_grass":4,"minecraft:deepslate_gold_ore":6,"minecraft:lapis_ore":14,"minecraft:wall_torch":1,"minecraft:amethyst_block":2,"minecraft:yellow_bed":7,"minecraft:grass":4,"minecraft:oak_log":12,"minecraft:coal_ore":60,"minecraft:dirt":17,"minecraft:sand":11,"minecraft:netherrack":1,"minecraft:oak_leaves":3,"minecraft:deepslate":58},"minecraft:picked_up":{"minecraft:iron_chestplate":3,"minecraft:crafting_table":13,"minecraft:chicken":1,"minecraft:gold_block":1,"minecraft:shield":2,"minecraft:amethyst_block":4,"minecraft:string":5,"minecraft:iron_axe":3,"minecraft:iron_leggings":3,"minecraft:cobbled_deepslate":274,"minecraft:oak_boat":5,"minecraft:calcite":2,"minecraft:poppy":2,"minecraft:iron_pickaxe":3,"minecraft:sugar_cane":42,"minecraft:furnace":10,"minecraft:iron_boots":3,"minecraft:raw_iron":86,"minecraft:stick":49,"minecraft:oak_door":2,"minecraft:copper_ingot":1,"minecraft:torch":59,"minecraft:arrow":17,"minecraft:rotten_flesh":38,"minecraft:hay_block":9,"minecraft:gold_ingot":8,"minecraft:cobblestone":90,"minecraft:white_wool":24,"minecraft:cooked_beef":1,"minecraft:water_bucket":1,"minecraft:leather":2,"minecraft:filled_map":1,"minecraft:flint":4,"minecraft:oak_log":50,"minecraft:yellow_bed":7,"minecraft:gunpowder":4,"minecraft:lapis_lazuli":225,"minecraft:dirt":55,"minecraft:cooked_mutton":28,"minecraft:bone":16,"minecraft:apple":1,"minecraft:bow":3,"minecraft:raw_gold":24,"minecraft:iron_ingot":68,"minecraft:stone_pickaxe":3,"minecraft:oak_planks":5,"minecraft:iron_sword":2,"minecraft:dandelion":1,"minecraft:dripstone_block":1,"minecraft:sand":14,"minecraft:amethyst_shard":8,"minecraft:diamond":29,"minecraft:iron_helmet":1,"minecraft:granite":4,"minecraft:bread":2,"minecraft:oak_sapling":2,"minecraft:netherrack":1,"minecraft:coal":122},"minecraft:custom":{"minecraft:mob_kills":40,"minecraft:interact_with_crafting_table":30,"minecraft:leave_game":7,"minecraft:time_since_death":12339,"minecraft:climb_one_cm":3302,"minecraft:sprint_one_cm":222149,"minecraft:walk_one_cm":120863,"minecraft:damage_blocked_by_shield":3245,"minecraft:drop":42,"minecraft:play_time":131047,"minecraft:deaths":2,"minecraft:sneak_time":10847,"minecraft:walk_under_water_one_cm":42982,"minecraft:boat_one_cm":607817,"minecraft:jump":2623,"minecraft:walk_on_water_one_cm":42876,"minecraft:total_world_time":131047,"minecraft:interact_with_furnace":32,"minecraft:sleep_in_bed":5,"minecraft:time_since_rest":12491,"minecraft:damage_taken":2517,"minecraft:damage_dealt":7302,"minecraft:swim_one_cm":117801,"minecraft:fly_one_cm":699935,"minecraft:open_chest":16,"minecraft:crouch_one_cm":22096,"minecraft:fall_one_cm":65787},"minecraft:crafted":{"minecraft:oak_planks":48,"minecraft:furnace":1,"minecraft:iron_boots":2,"minecraft:iron_axe":1,"minecraft:stone_pickaxe":2,"minecraft:wheat":81,"minecraft:crafting_table":3,"minecraft:wooden_pickaxe":2,"minecraft:iron_helmet":2,"minecraft:iron_sword":1,"minecraft:bucket":2,"minecraft:bread":27,"minecraft:air":0,"minecraft:oak_boat":1,"minecraft:iron_chestplate":2,"minecraft:shield":1,"minecraft:stick":16,"minecraft:iron_ingot":36,"minecraft:iron_pickaxe":2,"minecraft:iron_leggings":2,"minecraft:gold_ingot":9},"minecraft:killed":{"minecraft:spider":5,"minecraft:slime":4,"minecraft:skeleton":14,"minecraft:drowned":7,"minecraft:zombie_villager":1,"minecraft:zombie":9},"minecraft:dropped":{"minecraft:cobblestone":60,"minecraft:amethyst_block":4,"minecraft:granite":1,"minecraft:stick":1,"minecraft:flint":4,"minecraft:dirt":29,"minecraft:sand":8,"minecraft:string":5,"minecraft:dandelion":1,"minecraft:bone":13,"minecraft:oak_door":2,"minecraft:iron_nugget":6,"minecraft:cobbled_deepslate":6,"minecraft:wheat":1,"minecraft:raw_iron":8,"minecraft:rotten_flesh":11,"minecraft:filled_map":4,"minecraft:poppy":2,"minecraft:oak_sapling":1,"minecraft:arrow":9,"minecraft:bow":2,"minecraft:wooden_pickaxe":2},"minecraft:broken":{"minecraft:bow":1},"minecraft:used":{"minecraft:shield":41,"minecraft:iron_sword":82,"minecraft:cooked_salmon":6,"minecraft:rotten_flesh":3,"minecraft:netherrack":1,"minecraft:iron_chestplate":2,"minecraft:torch":3,"minecraft:dirt":26,"minecraft:granite":3,"minecraft:lava_bucket":1,"minecraft:iron_axe":30,"minecraft:iron_helmet":2,"minecraft:iron_boots":2,"minecraft:bow":2,"minecraft:furnace":5,"minecraft:cooked_cod":2,"minecraft:cooked_beef":1,"minecraft:cobbled_deepslate":36,"minecraft:iron_leggings":2,"minecraft:calcite":2,"minecraft:cooked_mutton":4,"minecraft:water_bucket":30,"minecraft:stone_pickaxe":142,"minecraft:wooden_pickaxe":6,"minecraft:sand":6,"minecraft:crafting_table":13,"minecraft:dripstone_block":1,"minecraft:apple":1,"minecraft:bread":27,"minecraft:iron_pickaxe":109,"minecraft:cobblestone":8,"minecraft:bucket":33,"minecraft:yellow_bed":6,"minecraft:oak_boat":5}},"DataVersion":2975}