{"stats":{"minecraft:mined":{"minecraft:amethyst_cluster":2,"minecraft:crafting_table":7,"minecraft:grass_block":17,"minecraft:calcite":2,"minecraft:tall_grass":3,"minecraft:cobblestone":3,"minecraft:lapis_ore":8,"minecraft:amethyst_block":2,"minecraft:hay_block":9,"minecraft:tall_seagrass":1,"minecraft:iron_ore":9,"minecraft:fire":2,"minecraft:yellow_bed":7,"minecraft:gold_block":1,"minecraft:grass":3,"minecraft:oak_log":8,"minecraft:coal_ore":39,"minecraft:dirt":17,"minecraft:sand":11,"minecraft:stone":9,"minecraft:netherrack":1,"minecraft:oak_leaves":3},"minecraft:picked_up":{"minecraft:crafting_table":7,"minecraft:chicken":1,"minecraft:filled_map":1,"minecraft:gold_block":1,"minecraft:oak_log":8,"minecraft:yellow_bed":7,"minecraft:amethyst_block":4,"minecraft:lapis_lazuli":53,"minecraft:dirt":34,"minecraft:string":4,"minecraft:bone":8,"minecraft:apple":1,"minecraft:bow":2,"minecraft:iron_ingot":8,"minecraft:oak_boat":5,"minecraft:calcite":2,"minecraft:poppy":2,"minecraft:raw_iron":9,"minecraft:stick":1,"minecraft:copper_ingot":1,"minecraft:dandelion":1,"minecraft:sand":14,"minecraft:amethyst_shard":8,"minecraft:arrow":7,"minecraft:rotten_flesh":10,"minecraft:hay_block":9,"minecraft:oak_sapling":2,"minecraft:netherrack":1,"minecraft:coal":39,"minecraft:cobblestone":12},"minecraft:custom":{"minecraft:mob_kills":24,"minecraft:interact_with_crafting_table":15,"minecraft:leave_game":5,"minecraft:time_since_death":81659,"minecraft:sleep_in_bed":5,"minecraft:climb_one_cm":3302,"minecraft:time_since_rest":32129,"minecraft:sprint_one_cm":133675,"minecraft:damage_taken":1595,"minecraft:walk_one_cm":50015,"minecraft:damage_blocked_by_shield":1515,"minecraft:drop":23,"minecraft:damage_dealt":4091,"minecraft:swim_one_cm":85237,"minecraft:fly_one_cm":493989,"minecraft:open_chest":16,"minecraft:crouch_one_cm":11186,"minecraft:play_time":81659,"minecraft:sneak_time":5575,"minecraft:walk_under_water_one_cm":22616,"minecraft:boat_one_cm":607817,"minecraft:jump":1680,"minecraft:walk_on_water_one_cm":25046,"minecraft:total_world_time":81659,"minecraft:fall_one_cm":37243},"minecraft:crafted":{"minecraft:oak_planks":32,"minecraft:crafting_table":2,"minecraft:wooden_pickaxe":1,"minecraft:iron_helmet":1,"minecraft:iron_sword":1,"minecraft:bucket":1,"minecraft:bread":27,"minecraft:oak_boat":1,"minecraft:iron_boots":1,"minecraft:iron_chestplate":1,"minecraft:shield":1,"minecraft:stick":8,"minecraft:iron_ingot":3,"minecraft:iron_pickaxe":1,"minecraft:stone_pickaxe":1,"minecraft:gold_ingot":9,"minecraft:iron_leggings":1,"minecraft:wheat":81},"minecraft:killed":{"minecraft:spider":3,"minecraft:slime":4,"minecraft:skeleton":8,"minecraft:zombie":2,"minecraft:drowned":7},"minecraft:dropped":{"minecraft:iron_nugget":6,"minecraft:wheat":1,"minecraft:rotten_flesh":10,"minecraft:amethyst_block":4,"minecraft:stick":1,"minecraft:filled_map":4,"minecraft:poppy":2,"minecraft:dirt":8,"minecraft:oak_sapling":1,"minecraft:sand":8,"minecraft:bow":1,"minecraft:wooden_pickaxe":1,"minecraft:string":4,"minecraft:bone":6,"minecraft:dandelion":1},"minecraft:broken":{"minecraft:bow":1},"minecraft:used":{"minecraft:calcite":2,"minecraft:water_bucket":4,"minecraft:stone_pickaxe":61,"minecraft:wooden_pickaxe":3,"minecraft:shield":25,"minecraft:iron_sword":73,"minecraft:cooked_salmon":6,"minecraft:netherrack":1,"minecraft:iron_chestplate":1,"minecraft:sand":6,"minecraft:dirt":26,"minecraft:crafting_table":8,"minecraft:apple":1,"minecraft:bread":27,"minecraft:iron_pickaxe":12,"minecraft:iron_helmet":1,"minecraft:iron_boots":1,"minecraft:cobblestone":1,"minecraft:bow":1,"minecraft:bucket":5,"minecraft:yellow_bed":6,"minecraft:oak_boat":5,"minecraft:iron_leggings":1}},"DataVersion":2975}