{"stats":{"minecraft:picked_up":{"minecraft:crafting_table":6,"minecraft:filled_map":1,"minecraft:oak_log":8,"minecraft:yellow_bed":5,"minecraft:amethyst_block":4,"minecraft:dirt":6,"minecraft:apple":1,"minecraft:iron_ingot":8,"minecraft:oak_boat":2,"minecraft:calcite":2,"minecraft:poppy":2,"minecraft:stick":1,"minecraft:dandelion":1,"minecraft:sand":10,"minecraft:amethyst_shard":8,"minecraft:hay_block":9,"minecraft:oak_sapling":2,"minecraft:coal":20,"minecraft:cobblestone":11},"minecraft:used":{"minecraft:calcite":2,"minecraft:stone_pickaxe":32,"minecraft:wooden_pickaxe":3,"minecraft:iron_chestplate":1,"minecraft:dirt":6,"minecraft:sand":2,"minecraft:crafting_table":6,"minecraft:apple":1,"minecraft:bread":10,"minecraft:iron_pickaxe":2,"minecraft:iron_helmet":1,"minecraft:iron_boots":1,"minecraft:yellow_bed":4,"minecraft:oak_boat":3,"minecraft:iron_leggings":1},"minecraft:dropped":{"minecraft:iron_nugget":6,"minecraft:wheat":1,"minecraft:amethyst_block":4,"minecraft:stick":1,"minecraft:filled_map":3,"minecraft:poppy":2,"minecraft:oak_sapling":1,"minecraft:sand":8,"minecraft:wooden_pickaxe":1,"minecraft:dandelion":1},"minecraft:crafted":{"minecraft:oak_planks":32,"minecraft:crafting_table":1,"minecraft:wooden_pickaxe":1,"minecraft:iron_helmet":1,"minecraft:bread":27,"minecraft:oak_boat":1,"minecraft:iron_boots":1,"minecraft:iron_chestplate":1,"minecraft:shield":1,"minecraft:stick":8,"minecraft:iron_ingot":3,"minecraft:iron_pickaxe":1,"minecraft:stone_pickaxe":1,"minecraft:iron_leggings":1,"minecraft:wheat":81},"minecraft:custom":{"minecraft:interact_with_crafting_table":13,"minecraft:leave_game":5,"minecraft:time_since_death":45664,"minecraft:sleep_in_bed":4,"minecraft:climb_one_cm":1098,"minecraft:time_since_rest":12498,"minecraft:sprint_one_cm":44367,"minecraft:damage_taken":470,"minecraft:walk_one_cm":21744,"minecraft:drop":15,"minecraft:damage_dealt":48,"minecraft:swim_one_cm":62932,"minecraft:fly_one_cm":167813,"minecraft:open_chest":13,"minecraft:crouch_one_cm":5973,"minecraft:play_time":45664,"minecraft:sneak_time":3455,"minecraft:walk_under_water_one_cm":16322,"minecraft:boat_one_cm":438508,"minecraft:jump":545,"minecraft:walk_on_water_one_cm":14177,"minecraft:total_world_time":45664,"minecraft:fall_one_cm":7897},"minecraft:mined":{"minecraft:amethyst_cluster":2,"minecraft:crafting_table":6,"minecraft:grass_block":3,"minecraft:calcite":2,"minecraft:tall_grass":3,"minecraft:cobblestone":3,"minecraft:amethyst_block":2,"minecraft:hay_block":9,"minecraft:yellow_bed":5,"minecraft:grass":2,"minecraft:coal_ore":20,"minecraft:oak_log":8,"minecraft:dirt":3,"minecraft:sand":7,"minecraft:stone":8,"minecraft:oak_leaves":3}},"DataVersion":2975}