{"stats":{"minecraft:picked_up":{"minecraft:stick":1,"minecraft:crafting_table":5,"minecraft:dandelion":1,"minecraft:amethyst_shard":8,"minecraft:oak_log":4,"minecraft:yellow_bed":4,"minecraft:amethyst_block":4,"minecraft:dirt":6,"minecraft:apple":1,"minecraft:hay_block":9,"minecraft:iron_ingot":8,"minecraft:calcite":2,"minecraft:oak_boat":2,"minecraft:poppy":2,"minecraft:oak_sapling":1,"minecraft:coal":20,"minecraft:cobblestone":11},"minecraft:used":{"minecraft:apple":1,"minecraft:bread":8,"minecraft:stone_pickaxe":32,"minecraft:iron_pickaxe":2,"minecraft:wooden_pickaxe":3,"minecraft:dirt":6,"minecraft:crafting_table":5,"minecraft:oak_boat":3,"minecraft:yellow_bed":4},"minecraft:dropped":{"minecraft:poppy":2,"minecraft:amethyst_block":4,"minecraft:wooden_pickaxe":1,"minecraft:dandelion":1,"minecraft:stick":1},"minecraft:crafted":{"minecraft:oak_boat":1,"minecraft:oak_planks":16,"minecraft:crafting_table":1,"minecraft:stick":8,"minecraft:iron_ingot":1,"minecraft:wooden_pickaxe":1,"minecraft:iron_pickaxe":1,"minecraft:stone_pickaxe":1,"minecraft:bread":27,"minecraft:wheat":81},"minecraft:custom":{"minecraft:time_since_rest":498,"minecraft:sprint_one_cm":35667,"minecraft:damage_taken":390,"minecraft:walk_one_cm":16775,"minecraft:drop":6,"minecraft:damage_dealt":48,"minecraft:swim_one_cm":52730,"minecraft:interact_with_crafting_table":7,"minecraft:fly_one_cm":122986,"minecraft:open_chest":9,"minecraft:crouch_one_cm":5568,"minecraft:play_time":33664,"minecraft:sneak_time":2645,"minecraft:walk_under_water_one_cm":7776,"minecraft:boat_one_cm":185765,"minecraft:jump":433,"minecraft:leave_game":5,"minecraft:walk_on_water_one_cm":10271,"minecraft:time_since_death":33664,"minecraft:sleep_in_bed":4,"minecraft:total_world_time":33664,"minecraft:climb_one_cm":1098,"minecraft:fall_one_cm":6852},"minecraft:mined":{"minecraft:hay_block":9,"minecraft:amethyst_cluster":2,"minecraft:yellow_bed":4,"minecraft:crafting_table":5,"minecraft:grass":2,"minecraft:calcite":2,"minecraft:coal_ore":20,"minecraft:grass_block":3,"minecraft:oak_log":4,"minecraft:dirt":3,"minecraft:cobblestone":3,"minecraft:stone":8,"minecraft:amethyst_block":2,"minecraft:oak_leaves":2}},"DataVersion":2975}