{"stats":{"minecraft:picked_up":{"minecraft:crafting_table":6,"minecraft:filled_map":1,"minecraft:oak_log":8,"minecraft:yellow_bed":6,"minecraft:amethyst_block":4,"minecraft:string":4,"minecraft:dirt":20,"minecraft:bone":2,"minecraft:apple":1,"minecraft:bow":1,"minecraft:iron_ingot":8,"minecraft:oak_boat":2,"minecraft:calcite":2,"minecraft:poppy":2,"minecraft:stick":1,"minecraft:copper_ingot":1,"minecraft:dandelion":1,"minecraft:sand":11,"minecraft:amethyst_shard":8,"minecraft:arrow":2,"minecraft:rotten_flesh":5,"minecraft:hay_block":9,"minecraft:oak_sapling":2,"minecraft:coal":20,"minecraft:cobblestone":11},"minecraft:used":{"minecraft:calcite":2,"minecraft:stone_pickaxe":32,"minecraft:shield":7,"minecraft:wooden_pickaxe":3,"minecraft:iron_sword":33,"minecraft:iron_chestplate":1,"minecraft:dirt":10,"minecraft:sand":3,"minecraft:crafting_table":7,"minecraft:apple":1,"minecraft:bread":18,"minecraft:iron_pickaxe":2,"minecraft:iron_helmet":1,"minecraft:iron_boots":1,"minecraft:yellow_bed":6,"minecraft:oak_boat":3,"minecraft:iron_leggings":1},"minecraft:dropped":{"minecraft:iron_nugget":6,"minecraft:wheat":1,"minecraft:amethyst_block":4,"minecraft:stick":1,"minecraft:filled_map":3,"minecraft:poppy":2,"minecraft:oak_sapling":1,"minecraft:sand":8,"minecraft:wooden_pickaxe":1,"minecraft:dandelion":1},"minecraft:crafted":{"minecraft:oak_planks":32,"minecraft:crafting_table":1,"minecraft:wooden_pickaxe":1,"minecraft:iron_helmet":1,"minecraft:iron_sword":1,"minecraft:bread":27,"minecraft:oak_boat":1,"minecraft:iron_boots":1,"minecraft:iron_chestplate":1,"minecraft:shield":1,"minecraft:stick":8,"minecraft:iron_ingot":3,"minecraft:iron_pickaxe":1,"minecraft:stone_pickaxe":1,"minecraft:iron_leggings":1,"minecraft:wheat":81},"minecraft:custom":{"minecraft:mob_kills":12,"minecraft:interact_with_crafting_table":14,"minecraft:leave_game":5,"minecraft:time_since_death":57664,"minecraft:sleep_in_bed":5,"minecraft:climb_one_cm":1329,"minecraft:time_since_rest":8134,"minecraft:sprint_one_cm":59401,"minecraft:damage_taken":970,"minecraft:walk_one_cm":30054,"minecraft:damage_blocked_by_shield":455,"minecraft:drop":15,"minecraft:damage_dealt":1869,"minecraft:swim_one_cm":72754,"minecraft:fly_one_cm":208232,"minecraft:open_chest":13,"minecraft:crouch_one_cm":6127,"minecraft:play_time":57664,"minecraft:sneak_time":3660,"minecraft:walk_under_water_one_cm":20922,"minecraft:boat_one_cm":553933,"minecraft:jump":724,"minecraft:walk_on_water_one_cm":17286,"minecraft:total_world_time":57664,"minecraft:fall_one_cm":11508},"minecraft:mined":{"minecraft:amethyst_cluster":2,"minecraft:crafting_table":6,"minecraft:grass_block":4,"minecraft:calcite":2,"minecraft:tall_grass":3,"minecraft:cobblestone":3,"minecraft:amethyst_block":2,"minecraft:hay_block":9,"minecraft:tall_seagrass":1,"minecraft:yellow_bed":6,"minecraft:grass":2,"minecraft:coal_ore":20,"minecraft:oak_log":8,"minecraft:dirt":16,"minecraft:sand":8,"minecraft:stone":8,"minecraft:oak_leaves":3},"minecraft:killed":{"minecraft:spider":1,"minecraft:slime":3,"minecraft:skeleton":2,"minecraft:zombie":1,"minecraft:drowned":5}},"DataVersion":2975}