{"stats":{"minecraft:mined":{"minecraft:amethyst_cluster":2,"minecraft:crafting_table":6,"minecraft:grass_block":16,"minecraft:calcite":2,"minecraft:tall_grass":3,"minecraft:cobblestone":3,"minecraft:amethyst_block":2,"minecraft:hay_block":9,"minecraft:tall_seagrass":1,"minecraft:fire":2,"minecraft:yellow_bed":7,"minecraft:grass":2,"minecraft:oak_log":8,"minecraft:coal_ore":39,"minecraft:dirt":16,"minecraft:sand":11,"minecraft:stone":8,"minecraft:oak_leaves":3},"minecraft:picked_up":{"minecraft:crafting_table":6,"minecraft:chicken":1,"minecraft:filled_map":1,"minecraft:oak_log":8,"minecraft:yellow_bed":7,"minecraft:amethyst_block":4,"minecraft:dirt":32,"minecraft:string":4,"minecraft:bone":3,"minecraft:apple":1,"minecraft:bow":1,"minecraft:iron_ingot":8,"minecraft:oak_boat":4,"minecraft:calcite":2,"minecraft:poppy":2,"minecraft:stick":1,"minecraft:copper_ingot":1,"minecraft:dandelion":1,"minecraft:sand":14,"minecraft:amethyst_shard":8,"minecraft:arrow":5,"minecraft:rotten_flesh":10,"minecraft:hay_block":9,"minecraft:oak_sapling":2,"minecraft:coal":39,"minecraft:cobblestone":11},"minecraft:custom":{"minecraft:mob_kills":16,"minecraft:interact_with_crafting_table":14,"minecraft:leave_game":5,"minecraft:time_since_death":69659,"minecraft:sleep_in_bed":5,"minecraft:climb_one_cm":2211,"minecraft:time_since_rest":20129,"minecraft:sprint_one_cm":91387,"minecraft:damage_taken":1028,"minecraft:walk_one_cm":36175,"minecraft:damage_blocked_by_shield":1015,"minecraft:drop":20,"minecraft:damage_dealt":2272,"minecraft:swim_one_cm":79956,"minecraft:fly_one_cm":341893,"minecraft:open_chest":14,"minecraft:crouch_one_cm":9129,"minecraft:play_time":69659,"minecraft:sneak_time":4843,"minecraft:walk_under_water_one_cm":21646,"minecraft:boat_one_cm":602314,"minecraft:jump":1166,"minecraft:walk_on_water_one_cm":21530,"minecraft:total_world_time":69659,"minecraft:fall_one_cm":23403},"minecraft:crafted":{"minecraft:oak_planks":32,"minecraft:crafting_table":1,"minecraft:wooden_pickaxe":1,"minecraft:iron_helmet":1,"minecraft:iron_sword":1,"minecraft:bread":27,"minecraft:oak_boat":1,"minecraft:iron_boots":1,"minecraft:iron_chestplate":1,"minecraft:shield":1,"minecraft:stick":8,"minecraft:iron_ingot":3,"minecraft:iron_pickaxe":1,"minecraft:stone_pickaxe":1,"minecraft:iron_leggings":1,"minecraft:wheat":81},"minecraft:killed":{"minecraft:spider":1,"minecraft:slime":4,"minecraft:skeleton":3,"minecraft:zombie":1,"minecraft:drowned":7},"minecraft:dropped":{"minecraft:iron_nugget":6,"minecraft:wheat":1,"minecraft:rotten_flesh":10,"minecraft:amethyst_block":4,"minecraft:stick":1,"minecraft:filled_map":3,"minecraft:poppy":2,"minecraft:dirt":8,"minecraft:oak_sapling":1,"minecraft:sand":8,"minecraft:bow":1,"minecraft:wooden_pickaxe":1,"minecraft:string":4,"minecraft:bone":3,"minecraft:dandelion":1},"minecraft:used":{"minecraft:calcite":2,"minecraft:stone_pickaxe":51,"minecraft:wooden_pickaxe":3,"minecraft:shield":14,"minecraft:iron_sword":42,"minecraft:iron_chestplate":1,"minecraft:sand":6,"minecraft:dirt":24,"minecraft:crafting_table":7,"minecraft:apple":1,"minecraft:bread":23,"minecraft:iron_pickaxe":2,"minecraft:iron_helmet":1,"minecraft:iron_boots":1,"minecraft:yellow_bed":6,"minecraft:oak_boat":4,"minecraft:iron_leggings":1}},"DataVersion":2975}