{"stats":{"minecraft:killed_by":{"minecraft:creeper":1},"minecraft:mined":{"minecraft:amethyst_cluster":2,"minecraft:crafting_table":9,"minecraft:granite":3,"minecraft:grass_block":17,"minecraft:calcite":2,"minecraft:tall_grass":3,"minecraft:cobblestone":6,"minecraft:deepslate_gold_ore":6,"minecraft:lapis_ore":8,"minecraft:amethyst_block":2,"minecraft:hay_block":9,"minecraft:tall_seagrass":1,"minecraft:furnace":1,"minecraft:iron_ore":42,"minecraft:fire":2,"minecraft:yellow_bed":7,"minecraft:gold_block":1,"minecraft:grass":4,"minecraft:oak_log":12,"minecraft:coal_ore":60,"minecraft:deepslate_iron_ore":1,"minecraft:dirt":17,"minecraft:sand":11,"minecraft:stone":22,"minecraft:netherrack":1,"minecraft:deepslate":1,"minecraft:oak_leaves":3},"minecraft:picked_up":{"minecraft:crafting_table":9,"minecraft:chicken":1,"minecraft:filled_map":1,"minecraft:gold_block":1,"minecraft:oak_log":12,"minecraft:yellow_bed":7,"minecraft:amethyst_block":4,"minecraft:lapis_lazuli":53,"minecraft:dirt":34,"minecraft:string":4,"minecraft:bone":9,"minecraft:apple":1,"minecraft:bow":2,"minecraft:cobbled_deepslate":1,"minecraft:raw_gold":6,"minecraft:iron_ingot":8,"minecraft:oak_boat":5,"minecraft:calcite":2,"minecraft:poppy":2,"minecraft:furnace":1,"minecraft:raw_iron":41,"minecraft:stick":1,"minecraft:copper_ingot":1,"minecraft:torch":1,"minecraft:dandelion":1,"minecraft:dripstone_block":1,"minecraft:sand":14,"minecraft:amethyst_shard":8,"minecraft:arrow":7,"minecraft:rotten_flesh":12,"minecraft:hay_block":9,"minecraft:granite":3,"minecraft:oak_sapling":2,"minecraft:netherrack":1,"minecraft:coal":74,"minecraft:cobblestone":28},"minecraft:custom":{"minecraft:interact_with_furnace":8,"minecraft:mob_kills":28,"minecraft:interact_with_crafting_table":24,"minecraft:leave_game":5,"minecraft:time_since_death":9133,"minecraft:sleep_in_bed":5,"minecraft:climb_one_cm":3302,"minecraft:time_since_rest":9153,"minecraft:sprint_one_cm":166413,"minecraft:damage_taken":2122,"minecraft:walk_one_cm":66940,"minecraft:damage_blocked_by_shield":2705,"minecraft:drop":25,"minecraft:damage_dealt":4842,"minecraft:swim_one_cm":90713,"minecraft:fly_one_cm":579412,"minecraft:open_chest":16,"minecraft:deaths":1,"minecraft:crouch_one_cm":16244,"minecraft:play_time":93644,"minecraft:sneak_time":7567,"minecraft:walk_under_water_one_cm":28044,"minecraft:boat_one_cm":607817,"minecraft:jump":2027,"minecraft:walk_on_water_one_cm":29062,"minecraft:total_world_time":93644,"minecraft:fall_one_cm":50012},"minecraft:crafted":{"minecraft:oak_planks":48,"minecraft:crafting_table":3,"minecraft:wooden_pickaxe":2,"minecraft:iron_helmet":1,"minecraft:iron_sword":1,"minecraft:furnace":1,"minecraft:bucket":2,"minecraft:bread":27,"minecraft:air":0,"minecraft:oak_boat":1,"minecraft:iron_boots":1,"minecraft:iron_chestplate":1,"minecraft:shield":1,"minecraft:iron_axe":1,"minecraft:stick":16,"minecraft:iron_ingot":13,"minecraft:iron_pickaxe":2,"minecraft:stone_pickaxe":2,"minecraft:gold_ingot":9,"minecraft:iron_leggings":1,"minecraft:wheat":81},"minecraft:killed":{"minecraft:spider":4,"minecraft:slime":4,"minecraft:skeleton":9,"minecraft:zombie":4,"minecraft:drowned":7},"minecraft:dropped":{"minecraft:iron_nugget":6,"minecraft:wheat":1,"minecraft:rotten_flesh":11,"minecraft:amethyst_block":4,"minecraft:stick":1,"minecraft:filled_map":4,"minecraft:poppy":2,"minecraft:dirt":8,"minecraft:oak_sapling":1,"minecraft:sand":8,"minecraft:bow":1,"minecraft:wooden_pickaxe":2,"minecraft:string":4,"minecraft:bone":6,"minecraft:dandelion":1},"minecraft:broken":{"minecraft:bow":1},"minecraft:used":{"minecraft:calcite":2,"minecraft:water_bucket":15,"minecraft:stone_pickaxe":94,"minecraft:wooden_pickaxe":6,"minecraft:shield":33,"minecraft:iron_sword":82,"minecraft:cooked_salmon":6,"minecraft:rotten_flesh":1,"minecraft:netherrack":1,"minecraft:iron_chestplate":1,"minecraft:torch":1,"minecraft:sand":6,"minecraft:dirt":26,"minecraft:crafting_table":11,"minecraft:dripstone_block":1,"minecraft:granite":3,"minecraft:apple":1,"minecraft:iron_axe":2,"minecraft:bread":27,"minecraft:iron_pickaxe":58,"minecraft:iron_helmet":1,"minecraft:iron_boots":1,"minecraft:cobblestone":6,"minecraft:bow":1,"minecraft:furnace":2,"minecraft:cooked_cod":2,"minecraft:bucket":17,"minecraft:yellow_bed":6,"minecraft:oak_boat":5,"minecraft:cobbled_deepslate":1,"minecraft:iron_leggings":1}},"DataVersion":2975}