{"stats":{"minecraft:picked_up":{"minecraft:stick":1,"minecraft:crafting_table":4,"minecraft:dandelion":1,"minecraft:oak_log":4,"minecraft:yellow_bed":3,"minecraft:dirt":3,"minecraft:apple":1,"minecraft:hay_block":9,"minecraft:iron_ingot":8,"minecraft:poppy":2,"minecraft:oak_sapling":1,"minecraft:cobblestone":3},"minecraft:used":{"minecraft:apple":1,"minecraft:bread":2,"minecraft:wooden_pickaxe":3,"minecraft:dirt":3,"minecraft:crafting_table":4,"minecraft:yellow_bed":2},"minecraft:dropped":{"minecraft:poppy":2,"minecraft:dandelion":1,"minecraft:stick":1},"minecraft:crafted":{"minecraft:oak_boat":1,"minecraft:oak_planks":16,"minecraft:crafting_table":1,"minecraft:stick":4,"minecraft:iron_ingot":1,"minecraft:wooden_pickaxe":1,"minecraft:iron_pickaxe":1,"minecraft:bread":27,"minecraft:wheat":81},"minecraft:custom":{"minecraft:time_since_rest":593,"minecraft:sprint_one_cm":23930,"minecraft:damage_taken":130,"minecraft:walk_one_cm":8283,"minecraft:drop":3,"minecraft:swim_one_cm":6254,"minecraft:interact_with_crafting_table":5,"minecraft:fly_one_cm":87592,"minecraft:open_chest":3,"minecraft:crouch_one_cm":2886,"minecraft:play_time":20073,"minecraft:sneak_time":1446,"minecraft:walk_under_water_one_cm":1363,"minecraft:jump":292,"minecraft:leave_game":4,"minecraft:walk_on_water_one_cm":6128,"minecraft:time_since_death":20073,"minecraft:sleep_in_bed":3,"minecraft:total_world_time":20073,"minecraft:climb_one_cm":1098,"minecraft:fall_one_cm":4396},"minecraft:mined":{"minecraft:hay_block":9,"minecraft:yellow_bed":3,"minecraft:crafting_table":4,"minecraft:grass":2,"minecraft:grass_block":2,"minecraft:oak_log":4,"minecraft:dirt":1,"minecraft:cobblestone":3,"minecraft:oak_leaves":2}},"DataVersion":2975}