{"stats":{"minecraft:dropped":{"minecraft:grass_block":1},"minecraft:custom":{"minecraft:jump":97,"minecraft:time_since_rest":10587,"minecraft:play_time":10587,"minecraft:leave_game":9,"minecraft:sprint_one_cm":13661,"minecraft:damage_taken":10,"minecraft:time_since_death":10587,"minecraft:walk_one_cm":5139,"minecraft:sneak_time":16,"minecraft:total_world_time":10587,"minecraft:drop":1,"minecraft:fall_one_cm":335,"minecraft:fly_one_cm":57032},"minecraft:used":{"minecraft:grass_block":1}},"DataVersion":2975}