{"stats":{"minecraft:custom":{"minecraft:jump":94,"minecraft:time_since_rest":10029,"minecraft:play_time":10029,"minecraft:leave_game":8,"minecraft:sprint_one_cm":13471,"minecraft:damage_taken":10,"minecraft:time_since_death":10029,"minecraft:walk_one_cm":5066,"minecraft:sneak_time":16,"minecraft:total_world_time":10029,"minecraft:drop":1,"minecraft:fall_one_cm":335,"minecraft:fly_one_cm":56151},"minecraft:dropped":{"minecraft:grass_block":1},"minecraft:used":{"minecraft:grass_block":1}},"DataVersion":2975}