{"stats":{"minecraft:custom":{"minecraft:jump":73,"minecraft:time_since_rest":1276,"minecraft:crouch_one_cm":123,"minecraft:sprint_one_cm":6985,"minecraft:leave_game":2,"minecraft:play_time":1276,"minecraft:damage_taken":40,"minecraft:time_since_death":1276,"minecraft:walk_one_cm":246,"minecraft:sneak_time":24,"minecraft:total_world_time":1276,"minecraft:drop":2,"minecraft:fall_one_cm":3036,"minecraft:fly_one_cm":23406},"minecraft:picked_up":{"minecraft:wheat_seeds":2,"minecraft:dirt":1},"minecraft:used":{"minecraft:dirt":1},"minecraft:dropped":{"minecraft:wheat_seeds":2},"minecraft:mined":{"minecraft:tall_grass":6,"minecraft:grass":20,"minecraft:grass_block":1}},"DataVersion":2730}