{"stats":{"minecraft:picked_up":{"minecraft:birch_log":20,"minecraft:seagrass":1,"minecraft:cooked_beef":7,"minecraft:glow_ink_sac":25,"minecraft:leather":28,"minecraft:end_portal_frame":1,"minecraft:gunpowder":44,"minecraft:wither_skeleton_skull":1,"minecraft:dirt":120,"minecraft:blue_bed":1,"minecraft:string":9,"minecraft:moss_carpet":12,"minecraft:cooked_mutton":1,"minecraft:bone":64,"minecraft:activator_rail":1,"minecraft:wheat_seeds":4,"minecraft:beef":54,"minecraft:ender_eye":1,"minecraft:azalea":2,"minecraft:birch_sapling":1,"minecraft:flowering_azalea":1,"minecraft:soul_sand":1,"minecraft:egg":2,"minecraft:stick":6,"minecraft:end_stone":34,"minecraft:cooked_porkchop":8,"minecraft:torch":18,"minecraft:green_bed":1,"minecraft:gravel":1,"minecraft:porkchop":7,"minecraft:music_disc_11":1,"minecraft:ink_sac":19,"minecraft:orange_bed":1,"minecraft:arrow":61,"minecraft:rotten_flesh":24,"minecraft:diamond":129,"minecraft:beetroot_seeds":3,"minecraft:lever":1,"minecraft:golden_apple":1,"minecraft:gray_wool":2,"minecraft:bread":9,"minecraft:glow_berries":11,"minecraft:mutton":10,"minecraft:cobblestone":55,"minecraft:coal":1,"minecraft:rail":27,"minecraft:white_wool":21,"minecraft:ender_pearl":16},"minecraft:used":{"minecraft:dirt":133,"minecraft:end_stone":27,"minecraft:lever":1,"minecraft:ender_eye":12,"minecraft:command_block":1,"minecraft:grass_block":1,"minecraft:cobblestone":16,"minecraft:end_portal_frame":12},"minecraft:dropped":{"minecraft:bread":3,"minecraft:moss_carpet":12,"minecraft:soul_sand":1,"minecraft:wheat_seeds":4,"minecraft:glow_ink_sac":25,"minecraft:diamond":29,"minecraft:cooked_porkchop":8,"minecraft:glow_berries":3,"minecraft:rotten_flesh":24,"minecraft:wither_skeleton_skull":1,"minecraft:leather":28,"minecraft:end_stone":34,"minecraft:ender_eye":1,"minecraft:cooked_mutton":1,"minecraft:grass_block":1,"minecraft:coal":1,"minecraft:golden_apple":1,"minecraft:stick":1,"minecraft:gray_wool":2,"minecraft:torch":2,"minecraft:azalea":2,"minecraft:end_portal_frame":1,"minecraft:flowering_azalea":1,"minecraft:beef":36,"minecraft:birch_log":9,"minecraft:string":9,"minecraft:white_wool":21,"minecraft:egg":1},"minecraft:custom":{"minecraft:mob_kills":4,"minecraft:leave_game":10,"minecraft:time_since_death":5351,"minecraft:time_since_rest":5371,"minecraft:walk_one_cm":24937,"minecraft:sprint_one_cm":33986,"minecraft:damage_taken":10,"minecraft:drop":41,"minecraft:damage_dealt":145,"minecraft:swim_one_cm":5502,"minecraft:fly_one_cm":245835,"minecraft:crouch_one_cm":3185,"minecraft:play_time":28132,"minecraft:deaths":2,"minecraft:sneak_time":1450,"minecraft:walk_under_water_one_cm":4832,"minecraft:jump":417,"minecraft:walk_on_water_one_cm":6942,"minecraft:total_world_time":28132,"minecraft:fall_one_cm":335},"minecraft:mined":{"minecraft:birch_log":2}},"DataVersion":2975}