{"stats":{"minecraft:picked_up":{"minecraft:stick":2,"minecraft:crafting_table":4,"minecraft:leather":1,"minecraft:torch":2,"minecraft:sand":1,"minecraft:oak_log":31,"minecraft:white_bed":1,"minecraft:dirt":4,"minecraft:wheat_seeds":1,"minecraft:hay_block":5,"minecraft:beef":1,"minecraft:light_gray_wool":1,"minecraft:oak_sapling":1,"minecraft:sugar_cane":21,"minecraft:mutton":18,"minecraft:coal":9,"minecraft:cobblestone":15,"minecraft:white_wool":12},"minecraft:used":{"minecraft:wooden_axe":54,"minecraft:bread":6,"minecraft:wooden_pickaxe":24,"minecraft:torch":7,"minecraft:dirt":3,"minecraft:sand":1,"minecraft:crafting_table":5,"minecraft:furnace":1},"minecraft:crafted":{"minecraft:oak_planks":20,"minecraft:crafting_table":1,"minecraft:stick":8,"minecraft:wooden_pickaxe":1,"minecraft:wooden_axe":2,"minecraft:furnace":1,"minecraft:torch":16,"minecraft:bread":15,"minecraft:wheat":45},"minecraft:broken":{"minecraft:wooden_axe":1},"minecraft:custom":{"minecraft:time_since_rest":12327,"minecraft:interact_with_furnace":1,"minecraft:sprint_one_cm":34676,"minecraft:damage_taken":330,"minecraft:walk_one_cm":85210,"minecraft:mob_kills":14,"minecraft:damage_dealt":1220,"minecraft:swim_one_cm":5207,"minecraft:interact_with_crafting_table":7,"minecraft:fly_one_cm":24284,"minecraft:open_chest":4,"minecraft:crouch_one_cm":3454,"minecraft:play_time":24000,"minecraft:sneak_time":1094,"minecraft:walk_under_water_one_cm":2854,"minecraft:jump":210,"minecraft:walk_on_water_one_cm":13239,"minecraft:time_since_death":24000,"minecraft:sleep_in_bed":1,"minecraft:total_world_time":24000,"minecraft:fall_one_cm":1605},"minecraft:mined":{"minecraft:hay_block":5,"minecraft:white_bed":1,"minecraft:crafting_table":4,"minecraft:grass":8,"minecraft:coal_ore":9,"minecraft:grass_block":5,"minecraft:oak_log":32,"minecraft:dirt":2,"minecraft:sand":1,"minecraft:tall_grass":3,"minecraft:stone":15,"minecraft:sugar_cane":8,"minecraft:oak_leaves":6},"minecraft:killed":{"minecraft:sheep":13,"minecraft:cow":1}},"DataVersion":2975}