{"stats":{"minecraft:killed_by":{"minecraft:skeleton":1},"minecraft:mined":{"minecraft:tuff":1,"minecraft:white_bed":2,"minecraft:crafting_table":6,"minecraft:torch":1,"minecraft:grass_block":5,"minecraft:cobblestone":2,"minecraft:tall_grass":3,"minecraft:lapis_ore":3,"minecraft:sugar_cane":8,"minecraft:hay_block":5,"minecraft:furnace":2,"minecraft:iron_ore":31,"minecraft:andesite":4,"minecraft:light_gray_wool":1,"minecraft:grass":8,"minecraft:oak_log":60,"minecraft:coal_ore":38,"minecraft:deepslate_iron_ore":19,"minecraft:sand":1,"minecraft:dirt":2,"minecraft:stone":39,"minecraft:gold_ore":13,"minecraft:oak_leaves":8},"minecraft:picked_up":{"minecraft:wooden_axe":1,"minecraft:crafting_table":6,"minecraft:cooked_beef":1,"minecraft:andesite":3,"minecraft:leather":2,"minecraft:wooden_pickaxe":1,"minecraft:tuff":1,"minecraft:oak_log":82,"minecraft:shield":1,"minecraft:lapis_lazuli":18,"minecraft:dirt":25,"minecraft:cooked_mutton":18,"minecraft:bone":3,"minecraft:wheat_seeds":2,"minecraft:raw_gold":17,"minecraft:beef":1,"minecraft:iron_ingot":4,"minecraft:stone_pickaxe":1,"minecraft:light_gray_wool":3,"minecraft:iron_pickaxe":1,"minecraft:sugar_cane":42,"minecraft:oak_planks":2,"minecraft:furnace":2,"minecraft:stick":4,"minecraft:raw_iron":50,"minecraft:torch":7,"minecraft:sand":1,"minecraft:white_bed":2,"minecraft:arrow":4,"minecraft:rotten_flesh":7,"minecraft:hay_block":5,"minecraft:bread":8,"minecraft:oak_sapling":2,"minecraft:mutton":18,"minecraft:coal":47,"minecraft:cobblestone":52,"minecraft:white_wool":24},"minecraft:custom":{"minecraft:interact_with_furnace":16,"minecraft:mob_kills":22,"minecraft:interact_with_crafting_table":12,"minecraft:time_since_death":24116,"minecraft:sleep_in_bed":4,"minecraft:time_since_rest":24136,"minecraft:sprint_one_cm":76248,"minecraft:damage_taken":1014,"minecraft:walk_one_cm":199136,"minecraft:damage_blocked_by_shield":1310,"minecraft:drop":3,"minecraft:damage_dealt":2712,"minecraft:swim_one_cm":5207,"minecraft:fly_one_cm":57817,"minecraft:open_chest":4,"minecraft:crouch_one_cm":4032,"minecraft:play_time":59971,"minecraft:deaths":1,"minecraft:sneak_time":1461,"minecraft:walk_under_water_one_cm":7426,"minecraft:jump":753,"minecraft:walk_on_water_one_cm":18418,"minecraft:total_world_time":59971,"minecraft:fall_one_cm":9072},"minecraft:crafted":{"minecraft:cooked_beef":1,"minecraft:oak_planks":44,"minecraft:crafting_table":1,"minecraft:wooden_pickaxe":1,"minecraft:furnace":1,"minecraft:cooked_mutton":18,"minecraft:bread":15,"minecraft:air":0,"minecraft:iron_chestplate":1,"minecraft:shield":1,"minecraft:stick":28,"minecraft:iron_ingot":13,"minecraft:iron_pickaxe":1,"minecraft:stone_pickaxe":1,"minecraft:wooden_axe":2,"minecraft:torch":80,"minecraft:wheat":45},"minecraft:killed":{"minecraft:skeleton":3,"minecraft:sheep":13,"minecraft:zombie":5,"minecraft:cow":1},"minecraft:dropped":{"minecraft:wheat_seeds":1,"minecraft:rotten_flesh":2,"minecraft:oak_sapling":1},"minecraft:broken":{"minecraft:wooden_axe":2},"minecraft:used":{"minecraft:cooked_mutton":2,"minecraft:stone_pickaxe":32,"minecraft:shield":25,"minecraft:wooden_pickaxe":25,"minecraft:iron_chestplate":1,"minecraft:torch":85,"minecraft:dirt":4,"minecraft:sand":1,"minecraft:crafting_table":7,"minecraft:white_bed":2,"minecraft:wooden_axe":79,"minecraft:bread":14,"minecraft:iron_pickaxe":105,"minecraft:light_gray_wool":1,"minecraft:furnace":2,"minecraft:andesite":1}},"DataVersion":2975}