{"stats":{"minecraft:picked_up":{"minecraft:stick":1,"minecraft:crafting_table":2,"minecraft:leather":1,"minecraft:torch":2,"minecraft:sand":1,"minecraft:oak_log":27,"minecraft:white_bed":1,"minecraft:dirt":1,"minecraft:wheat_seeds":1,"minecraft:hay_block":5,"minecraft:beef":1,"minecraft:light_gray_wool":1,"minecraft:oak_sapling":1,"minecraft:mutton":18,"minecraft:white_wool":12},"minecraft:used":{"minecraft:wooden_axe":47,"minecraft:crafting_table":2},"minecraft:crafted":{"minecraft:oak_planks":16,"minecraft:crafting_table":1,"minecraft:stick":4,"minecraft:wooden_axe":2},"minecraft:broken":{"minecraft:wooden_axe":1},"minecraft:custom":{"minecraft:time_since_rest":327,"minecraft:sprint_one_cm":26321,"minecraft:walk_one_cm":47759,"minecraft:mob_kills":14,"minecraft:damage_dealt":1220,"minecraft:swim_one_cm":3424,"minecraft:interact_with_crafting_table":2,"minecraft:fly_one_cm":10043,"minecraft:open_chest":3,"minecraft:crouch_one_cm":147,"minecraft:play_time":12000,"minecraft:sneak_time":44,"minecraft:walk_under_water_one_cm":509,"minecraft:jump":83,"minecraft:walk_on_water_one_cm":1638,"minecraft:time_since_death":12000,"minecraft:sleep_in_bed":1,"minecraft:total_world_time":12000,"minecraft:fall_one_cm":627},"minecraft:mined":{"minecraft:hay_block":5,"minecraft:white_bed":1,"minecraft:crafting_table":2,"minecraft:grass":6,"minecraft:grass_block":2,"minecraft:oak_log":28,"minecraft:sand":1,"minecraft:tall_grass":3,"minecraft:oak_leaves":3},"minecraft:killed":{"minecraft:sheep":13,"minecraft:cow":1}},"DataVersion":2975}