{"stats":{"minecraft:killed_by":{"minecraft:skeleton":2,"minecraft:zombie":1},"minecraft:mined":{"minecraft:tuff":1,"minecraft:white_bed":3,"minecraft:crafting_table":8,"minecraft:torch":2,"minecraft:granite":6,"minecraft:grass_block":5,"minecraft:cobblestone":3,"minecraft:tall_grass":3,"minecraft:lapis_ore":4,"minecraft:sugar_cane":8,"minecraft:hay_block":5,"minecraft:furnace":4,"minecraft:iron_ore":42,"minecraft:andesite":4,"minecraft:light_gray_wool":1,"minecraft:grass":10,"minecraft:oak_log":76,"minecraft:coal_ore":38,"minecraft:deepslate_iron_ore":25,"minecraft:gravel":6,"minecraft:sand":1,"minecraft:dirt":3,"minecraft:stone":77,"minecraft:gold_ore":13,"minecraft:deepslate":88,"minecraft:oak_leaves":8},"minecraft:picked_up":{"minecraft:wooden_axe":1,"minecraft:crafting_table":8,"minecraft:cooked_beef":1,"minecraft:andesite":3,"minecraft:leather":2,"minecraft:wooden_pickaxe":1,"minecraft:tuff":1,"minecraft:oak_log":98,"minecraft:shield":1,"minecraft:gunpowder":2,"minecraft:lapis_lazuli":27,"minecraft:dirt":47,"minecraft:cooked_mutton":18,"minecraft:bone":9,"minecraft:wheat_seeds":2,"minecraft:cobbled_deepslate":94,"minecraft:raw_gold":26,"minecraft:beef":1,"minecraft:iron_ingot":4,"minecraft:stone_pickaxe":1,"minecraft:light_gray_wool":3,"minecraft:iron_pickaxe":1,"minecraft:sugar_cane":42,"minecraft:oak_planks":2,"minecraft:furnace":4,"minecraft:stick":4,"minecraft:raw_iron":68,"minecraft:oak_door":2,"minecraft:torch":14,"minecraft:gravel":8,"minecraft:sand":1,"minecraft:white_bed":3,"minecraft:arrow":4,"minecraft:rotten_flesh":13,"minecraft:hay_block":5,"minecraft:granite":7,"minecraft:gold_ingot":4,"minecraft:bread":8,"minecraft:oak_sapling":2,"minecraft:mutton":20,"minecraft:coal":47,"minecraft:cobblestone":150,"minecraft:white_wool":25},"minecraft:custom":{"minecraft:interact_with_furnace":33,"minecraft:mob_kills":28,"minecraft:interact_with_crafting_table":23,"minecraft:time_since_death":21603,"minecraft:sleep_in_bed":4,"minecraft:time_since_rest":21623,"minecraft:sprint_one_cm":109014,"minecraft:damage_taken":1614,"minecraft:walk_one_cm":248912,"minecraft:damage_blocked_by_shield":1760,"minecraft:drop":15,"minecraft:damage_dealt":3720,"minecraft:swim_one_cm":15077,"minecraft:fly_one_cm":83616,"minecraft:open_chest":4,"minecraft:crouch_one_cm":12584,"minecraft:play_time":107953,"minecraft:deaths":3,"minecraft:sneak_time":4683,"minecraft:walk_under_water_one_cm":19988,"minecraft:jump":1046,"minecraft:walk_on_water_one_cm":28923,"minecraft:total_world_time":107953,"minecraft:fall_one_cm":18494},"minecraft:crafted":{"minecraft:cooked_beef":1,"minecraft:oak_door":3,"minecraft:oak_planks":68,"minecraft:crafting_table":2,"minecraft:wooden_pickaxe":1,"minecraft:iron_sword":1,"minecraft:furnace":2,"minecraft:cooked_mutton":18,"minecraft:bread":15,"minecraft:air":0,"minecraft:iron_boots":1,"minecraft:iron_chestplate":1,"minecraft:shield":1,"minecraft:iron_axe":1,"minecraft:stick":72,"minecraft:iron_ingot":61,"minecraft:iron_pickaxe":2,"minecraft:stone_pickaxe":1,"minecraft:wooden_axe":2,"minecraft:iron_leggings":1,"minecraft:torch":140,"minecraft:wheat":45},"minecraft:killed":{"minecraft:spider":1,"minecraft:skeleton":3,"minecraft:sheep":14,"minecraft:zombie":9,"minecraft:cow":1},"minecraft:dropped":{"minecraft:gravel":8,"minecraft:wheat_seeds":1,"minecraft:tuff":1,"minecraft:raw_iron":16,"minecraft:rotten_flesh":2,"minecraft:light_gray_wool":1,"minecraft:granite":3,"minecraft:cooked_mutton":2,"minecraft:torch":1,"minecraft:andesite":2,"minecraft:oak_sapling":2,"minecraft:wooden_pickaxe":1},"minecraft:broken":{"minecraft:iron_pickaxe":1,"minecraft:wooden_axe":2},"minecraft:used":{"minecraft:cooked_mutton":3,"minecraft:stone_pickaxe":32,"minecraft:shield":26,"minecraft:wooden_pickaxe":28,"minecraft:iron_sword":17,"minecraft:white_wool":1,"minecraft:iron_chestplate":1,"minecraft:oak_door":1,"minecraft:torch":125,"minecraft:dirt":4,"minecraft:sand":1,"minecraft:crafting_table":9,"minecraft:white_bed":2,"minecraft:granite":3,"minecraft:wooden_axe":79,"minecraft:iron_axe":1,"minecraft:bread":14,"minecraft:iron_pickaxe":257,"minecraft:light_gray_wool":1,"minecraft:furnace":4,"minecraft:andesite":1}},"DataVersion":2975}