{"stats":{"minecraft:picked_up":{"minecraft:raw_iron":13,"minecraft:stick":2,"minecraft:crafting_table":5,"minecraft:leather":1,"minecraft:torch":4,"minecraft:sand":1,"minecraft:oak_log":31,"minecraft:white_bed":2,"minecraft:dirt":4,"minecraft:rotten_flesh":2,"minecraft:wheat_seeds":1,"minecraft:raw_gold":4,"minecraft:hay_block":5,"minecraft:beef":1,"minecraft:light_gray_wool":1,"minecraft:oak_sapling":1,"minecraft:sugar_cane":21,"minecraft:mutton":18,"minecraft:coal":19,"minecraft:cobblestone":22,"minecraft:white_wool":12,"minecraft:furnace":1},"minecraft:killed_by":{"minecraft:skeleton":1},"minecraft:used":{"minecraft:wooden_axe":65,"minecraft:bread":7,"minecraft:stone_pickaxe":24,"minecraft:iron_pickaxe":10,"minecraft:shield":2,"minecraft:wooden_pickaxe":25,"minecraft:torch":26,"minecraft:dirt":3,"minecraft:sand":1,"minecraft:crafting_table":6,"minecraft:furnace":2,"minecraft:white_bed":2},"minecraft:dropped":{"minecraft:oak_sapling":1},"minecraft:crafted":{"minecraft:cooked_beef":1,"minecraft:oak_planks":32,"minecraft:shield":1,"minecraft:crafting_table":1,"minecraft:stick":16,"minecraft:iron_pickaxe":1,"minecraft:iron_ingot":8,"minecraft:wooden_pickaxe":1,"minecraft:stone_pickaxe":1,"minecraft:wooden_axe":2,"minecraft:furnace":1,"minecraft:torch":24,"minecraft:air":0,"minecraft:cooked_mutton":18,"minecraft:bread":15,"minecraft:wheat":45},"minecraft:broken":{"minecraft:wooden_axe":1},"minecraft:custom":{"minecraft:time_since_rest":136,"minecraft:interact_with_furnace":13,"minecraft:sprint_one_cm":34927,"minecraft:damage_taken":560,"minecraft:walk_one_cm":111291,"minecraft:damage_blocked_by_shield":90,"minecraft:mob_kills":17,"minecraft:drop":1,"minecraft:damage_dealt":1820,"minecraft:swim_one_cm":5207,"minecraft:interact_with_crafting_table":10,"minecraft:fly_one_cm":25980,"minecraft:open_chest":4,"minecraft:crouch_one_cm":3788,"minecraft:play_time":35971,"minecraft:deaths":1,"minecraft:sneak_time":1389,"minecraft:walk_under_water_one_cm":3628,"minecraft:jump":338,"minecraft:walk_on_water_one_cm":15594,"minecraft:time_since_death":116,"minecraft:sleep_in_bed":4,"minecraft:total_world_time":35971,"minecraft:fall_one_cm":3548},"minecraft:mined":{"minecraft:hay_block":5,"minecraft:white_bed":2,"minecraft:furnace":1,"minecraft:iron_ore":13,"minecraft:crafting_table":5,"minecraft:grass":8,"minecraft:coal_ore":19,"minecraft:grass_block":5,"minecraft:oak_log":32,"minecraft:dirt":2,"minecraft:sand":1,"minecraft:tall_grass":3,"minecraft:gold_ore":4,"minecraft:stone":22,"minecraft:sugar_cane":8,"minecraft:oak_leaves":6},"minecraft:killed":{"minecraft:sheep":13,"minecraft:zombie":3,"minecraft:cow":1}},"DataVersion":2975}