{"stats":{"minecraft:killed_by":{"minecraft:skeleton":1},"minecraft:mined":{"minecraft:white_bed":2,"minecraft:crafting_table":6,"minecraft:grass_block":5,"minecraft:cobblestone":2,"minecraft:tall_grass":3,"minecraft:lapis_ore":2,"minecraft:sugar_cane":8,"minecraft:hay_block":5,"minecraft:furnace":2,"minecraft:iron_ore":20,"minecraft:grass":8,"minecraft:oak_log":32,"minecraft:coal_ore":24,"minecraft:sand":1,"minecraft:dirt":2,"minecraft:stone":25,"minecraft:gold_ore":4,"minecraft:oak_leaves":6},"minecraft:picked_up":{"minecraft:wooden_axe":1,"minecraft:crafting_table":6,"minecraft:cooked_beef":1,"minecraft:leather":2,"minecraft:wooden_pickaxe":1,"minecraft:oak_log":54,"minecraft:shield":1,"minecraft:lapis_lazuli":14,"minecraft:dirt":5,"minecraft:cooked_mutton":18,"minecraft:bone":3,"minecraft:wheat_seeds":2,"minecraft:raw_gold":8,"minecraft:beef":1,"minecraft:iron_ingot":4,"minecraft:stone_pickaxe":1,"minecraft:light_gray_wool":2,"minecraft:iron_pickaxe":1,"minecraft:sugar_cane":42,"minecraft:oak_planks":2,"minecraft:furnace":2,"minecraft:stick":4,"minecraft:raw_iron":20,"minecraft:torch":6,"minecraft:sand":1,"minecraft:white_bed":2,"minecraft:arrow":4,"minecraft:rotten_flesh":7,"minecraft:hay_block":5,"minecraft:bread":8,"minecraft:oak_sapling":1,"minecraft:mutton":18,"minecraft:coal":33,"minecraft:cobblestone":38,"minecraft:white_wool":24},"minecraft:custom":{"minecraft:interact_with_furnace":16,"minecraft:mob_kills":21,"minecraft:interact_with_crafting_table":12,"minecraft:time_since_death":12116,"minecraft:sleep_in_bed":4,"minecraft:time_since_rest":12136,"minecraft:sprint_one_cm":61891,"minecraft:damage_taken":994,"minecraft:walk_one_cm":159755,"minecraft:damage_blocked_by_shield":1145,"minecraft:drop":3,"minecraft:damage_dealt":2533,"minecraft:swim_one_cm":5207,"minecraft:fly_one_cm":46896,"minecraft:open_chest":4,"minecraft:crouch_one_cm":3793,"minecraft:play_time":47971,"minecraft:deaths":1,"minecraft:sneak_time":1398,"minecraft:walk_under_water_one_cm":7160,"minecraft:jump":580,"minecraft:walk_on_water_one_cm":17636,"minecraft:total_world_time":47971,"minecraft:fall_one_cm":5824},"minecraft:crafted":{"minecraft:cooked_beef":1,"minecraft:oak_planks":32,"minecraft:crafting_table":1,"minecraft:wooden_pickaxe":1,"minecraft:furnace":1,"minecraft:cooked_mutton":18,"minecraft:bread":15,"minecraft:air":0,"minecraft:iron_chestplate":1,"minecraft:shield":1,"minecraft:stick":20,"minecraft:iron_ingot":13,"minecraft:iron_pickaxe":1,"minecraft:stone_pickaxe":1,"minecraft:wooden_axe":2,"minecraft:torch":48,"minecraft:wheat":45},"minecraft:killed":{"minecraft:skeleton":3,"minecraft:sheep":13,"minecraft:zombie":4,"minecraft:cow":1},"minecraft:dropped":{"minecraft:wheat_seeds":1,"minecraft:rotten_flesh":2,"minecraft:oak_sapling":1},"minecraft:broken":{"minecraft:wooden_axe":2},"minecraft:used":{"minecraft:stone_pickaxe":24,"minecraft:shield":24,"minecraft:wooden_pickaxe":25,"minecraft:iron_chestplate":1,"minecraft:torch":52,"minecraft:dirt":4,"minecraft:sand":1,"minecraft:crafting_table":7,"minecraft:white_bed":2,"minecraft:wooden_axe":79,"minecraft:bread":14,"minecraft:iron_pickaxe":32,"minecraft:furnace":2}},"DataVersion":2975}