{"stats":{"minecraft:killed_by":{"minecraft:skeleton":1},"minecraft:mined":{"minecraft:tuff":1,"minecraft:white_bed":2,"minecraft:crafting_table":7,"minecraft:torch":1,"minecraft:granite":5,"minecraft:grass_block":5,"minecraft:cobblestone":3,"minecraft:tall_grass":3,"minecraft:lapis_ore":4,"minecraft:sugar_cane":8,"minecraft:hay_block":5,"minecraft:furnace":4,"minecraft:iron_ore":42,"minecraft:andesite":4,"minecraft:light_gray_wool":1,"minecraft:grass":8,"minecraft:oak_log":60,"minecraft:coal_ore":38,"minecraft:deepslate_iron_ore":23,"minecraft:sand":1,"minecraft:dirt":2,"minecraft:stone":77,"minecraft:gold_ore":13,"minecraft:deepslate":24,"minecraft:oak_leaves":8},"minecraft:picked_up":{"minecraft:wooden_axe":1,"minecraft:crafting_table":7,"minecraft:cooked_beef":1,"minecraft:andesite":3,"minecraft:leather":2,"minecraft:wooden_pickaxe":1,"minecraft:tuff":1,"minecraft:oak_log":82,"minecraft:shield":1,"minecraft:lapis_lazuli":27,"minecraft:dirt":25,"minecraft:cooked_mutton":18,"minecraft:bone":3,"minecraft:wheat_seeds":2,"minecraft:cobbled_deepslate":23,"minecraft:raw_gold":26,"minecraft:beef":1,"minecraft:iron_ingot":4,"minecraft:stone_pickaxe":1,"minecraft:light_gray_wool":3,"minecraft:iron_pickaxe":1,"minecraft:sugar_cane":42,"minecraft:oak_planks":2,"minecraft:furnace":4,"minecraft:stick":4,"minecraft:raw_iron":66,"minecraft:torch":10,"minecraft:sand":1,"minecraft:white_bed":2,"minecraft:arrow":4,"minecraft:rotten_flesh":7,"minecraft:hay_block":5,"minecraft:granite":5,"minecraft:gold_ingot":4,"minecraft:bread":8,"minecraft:oak_sapling":2,"minecraft:mutton":18,"minecraft:coal":47,"minecraft:cobblestone":90,"minecraft:white_wool":24},"minecraft:custom":{"minecraft:interact_with_furnace":31,"minecraft:mob_kills":22,"minecraft:interact_with_crafting_table":21,"minecraft:time_since_death":36116,"minecraft:sleep_in_bed":4,"minecraft:time_since_rest":36136,"minecraft:sprint_one_cm":79235,"minecraft:damage_taken":1014,"minecraft:walk_one_cm":214572,"minecraft:damage_blocked_by_shield":1310,"minecraft:drop":5,"minecraft:damage_dealt":2712,"minecraft:swim_one_cm":5207,"minecraft:fly_one_cm":60504,"minecraft:open_chest":4,"minecraft:crouch_one_cm":7945,"minecraft:play_time":71971,"minecraft:deaths":1,"minecraft:sneak_time":3037,"minecraft:walk_under_water_one_cm":8067,"minecraft:jump":827,"minecraft:walk_on_water_one_cm":19442,"minecraft:total_world_time":71971,"minecraft:fall_one_cm":9819},"minecraft:crafted":{"minecraft:cooked_beef":1,"minecraft:oak_planks":56,"minecraft:crafting_table":2,"minecraft:wooden_pickaxe":1,"minecraft:iron_sword":1,"minecraft:furnace":2,"minecraft:cooked_mutton":18,"minecraft:bread":15,"minecraft:air":0,"minecraft:iron_boots":1,"minecraft:iron_chestplate":1,"minecraft:shield":1,"minecraft:iron_axe":1,"minecraft:stick":60,"minecraft:iron_ingot":61,"minecraft:iron_pickaxe":1,"minecraft:stone_pickaxe":1,"minecraft:wooden_axe":2,"minecraft:iron_leggings":1,"minecraft:torch":92,"minecraft:wheat":45},"minecraft:killed":{"minecraft:skeleton":3,"minecraft:sheep":13,"minecraft:zombie":5,"minecraft:cow":1},"minecraft:dropped":{"minecraft:wheat_seeds":1,"minecraft:raw_iron":16,"minecraft:rotten_flesh":2,"minecraft:oak_sapling":1},"minecraft:broken":{"minecraft:wooden_axe":2},"minecraft:used":{"minecraft:cooked_mutton":2,"minecraft:stone_pickaxe":32,"minecraft:shield":25,"minecraft:wooden_pickaxe":25,"minecraft:iron_chestplate":1,"minecraft:torch":94,"minecraft:dirt":4,"minecraft:sand":1,"minecraft:crafting_table":8,"minecraft:white_bed":2,"minecraft:granite":1,"minecraft:wooden_axe":79,"minecraft:iron_axe":1,"minecraft:bread":14,"minecraft:iron_pickaxe":191,"minecraft:light_gray_wool":1,"minecraft:furnace":4,"minecraft:andesite":1}},"DataVersion":2975}