{"stats":{"minecraft:picked_up":{"minecraft:crafting_table":1,"minecraft:apple":1,"minecraft:oak_log":6},"minecraft:used":{"minecraft:apple":1,"minecraft:crafting_table":1},"minecraft:crafted":{"minecraft:oak_planks":20,"minecraft:crafting_table":1,"minecraft:stick":4},"minecraft:custom":{"minecraft:time_since_rest":1,"minecraft:open_chest":1,"minecraft:play_time":2829,"minecraft:sprint_one_cm":7073,"minecraft:damage_taken":90,"minecraft:walk_one_cm":3145,"minecraft:sneak_time":1,"minecraft:jump":68,"minecraft:leave_game":1,"minecraft:time_since_death":2829,"minecraft:walk_on_water_one_cm":1151,"minecraft:sleep_in_bed":1,"minecraft:total_world_time":2829,"minecraft:interact_with_crafting_table":2,"minecraft:fly_one_cm":22158},"minecraft:mined":{"minecraft:grass":3,"minecraft:oak_log":6,"minecraft:crafting_table":1}},"DataVersion":2975}