{"stats":{"minecraft:killed_by":{"minecraft:zombie":1,"minecraft:drowned":2},"minecraft:mined":{"minecraft:white_bed":3,"minecraft:crafting_table":6,"minecraft:torch":1,"minecraft:grass_block":6,"minecraft:cobblestone":14,"minecraft:oak_planks":10,"minecraft:sugar_cane":5,"minecraft:diorite":4,"minecraft:wall_torch":1,"minecraft:furnace":2,"minecraft:iron_ore":2,"minecraft:andesite":11,"minecraft:grass":2,"minecraft:oak_log":22,"minecraft:coal_ore":12,"minecraft:gravel":1,"minecraft:dirt":3,"minecraft:packed_ice":1,"minecraft:stone":82,"minecraft:white_wool":2,"minecraft:spruce_slab":1,"minecraft:oak_leaves":3},"minecraft:picked_up":{"minecraft:wooden_axe":2,"minecraft:iron_chestplate":2,"minecraft:crafting_table":8,"minecraft:feather":12,"minecraft:chicken":9,"minecraft:andesite":11,"minecraft:salmon":1,"minecraft:leather":21,"minecraft:wooden_pickaxe":2,"minecraft:oak_log":35,"minecraft:dirt":9,"minecraft:cooked_salmon":2,"minecraft:iron_ingot":8,"minecraft:beef":18,"minecraft:stone_pickaxe":1,"minecraft:oak_boat":7,"minecraft:spruce_slab":3,"minecraft:sugar_cane":36,"minecraft:oak_planks":71,"minecraft:furnace":3,"minecraft:stick":6,"minecraft:raw_iron":2,"minecraft:oak_door":3,"minecraft:torch":5,"minecraft:dandelion":1,"minecraft:gravel":1,"minecraft:porkchop":12,"minecraft:diorite":4,"minecraft:white_bed":6,"minecraft:rotten_flesh":1,"minecraft:stone_axe":1,"minecraft:oak_sapling":1,"minecraft:mutton":18,"minecraft:coal":34,"minecraft:white_wool":23,"minecraft:cobblestone":96,"minecraft:ender_pearl":3},"minecraft:custom":{"minecraft:interact_with_furnace":10,"minecraft:mob_kills":21,"minecraft:interact_with_crafting_table":8,"minecraft:time_since_death":13008,"minecraft:sleep_in_bed":1,"minecraft:climb_one_cm":1706,"minecraft:time_since_rest":13028,"minecraft:sprint_one_cm":100959,"minecraft:damage_taken":1217,"minecraft:walk_one_cm":76056,"minecraft:damage_dealt":4178,"minecraft:swim_one_cm":11808,"minecraft:fly_one_cm":153054,"minecraft:open_chest":7,"minecraft:crouch_one_cm":2431,"minecraft:play_time":47355,"minecraft:deaths":3,"minecraft:sneak_time":1879,"minecraft:walk_under_water_one_cm":15503,"minecraft:boat_one_cm":125424,"minecraft:jump":653,"minecraft:walk_on_water_one_cm":28081,"minecraft:total_world_time":47355,"minecraft:fall_one_cm":8147},"minecraft:crafted":{"minecraft:cooked_beef":6,"minecraft:oak_planks":48,"minecraft:crafting_table":1,"minecraft:wooden_pickaxe":1,"minecraft:furnace":1,"minecraft:cooked_salmon":1,"minecraft:stone_axe":1,"minecraft:cooked_mutton":3,"minecraft:air":0,"minecraft:oak_boat":1,"minecraft:iron_chestplate":1,"minecraft:stick":8,"minecraft:stone_pickaxe":1,"minecraft:wooden_axe":1},"minecraft:killed":{"minecraft:pig":2,"minecraft:salmon":1,"minecraft:iron_golem":2,"minecraft:sheep":7,"minecraft:chicken":3,"minecraft:enderman":2,"minecraft:cow":4},"minecraft:used":{"minecraft:cooked_mutton":3,"minecraft:diorite":4,"minecraft:stone_pickaxe":128,"minecraft:oak_planks":13,"minecraft:wooden_pickaxe":6,"minecraft:cooked_salmon":1,"minecraft:rotten_flesh":1,"minecraft:iron_chestplate":2,"minecraft:white_wool":7,"minecraft:torch":2,"minecraft:dirt":6,"minecraft:crafting_table":6,"minecraft:white_bed":1,"minecraft:oak_log":2,"minecraft:wooden_axe":21,"minecraft:stone_axe":76,"minecraft:cobblestone":63,"minecraft:oak_sapling":1,"minecraft:furnace":2,"minecraft:oak_boat":5,"minecraft:cooked_beef":3,"minecraft:dandelion":1}},"DataVersion":2975}