{"stats":{"minecraft:killed_by":{"minecraft:zombie":1,"minecraft:drowned":2},"minecraft:mined":{"minecraft:white_bed":4,"minecraft:crafting_table":8,"minecraft:torch":2,"minecraft:grass_block":8,"minecraft:cobblestone":14,"minecraft:oak_planks":10,"minecraft:sugar_cane":5,"minecraft:diorite":6,"minecraft:wall_torch":1,"minecraft:furnace":3,"minecraft:iron_ore":2,"minecraft:ice":1,"minecraft:andesite":11,"minecraft:grass":2,"minecraft:oak_log":22,"minecraft:coal_ore":13,"minecraft:gravel":1,"minecraft:dirt":3,"minecraft:packed_ice":1,"minecraft:stone":218,"minecraft:white_wool":2,"minecraft:spruce_slab":1,"minecraft:oak_leaves":3},"minecraft:picked_up":{"minecraft:wooden_axe":2,"minecraft:iron_chestplate":2,"minecraft:crafting_table":10,"minecraft:feather":12,"minecraft:chicken":9,"minecraft:andesite":11,"minecraft:salmon":1,"minecraft:leather":21,"minecraft:wooden_pickaxe":2,"minecraft:oak_log":35,"minecraft:dirt":11,"minecraft:cooked_salmon":2,"minecraft:iron_ingot":8,"minecraft:beef":18,"minecraft:stone_pickaxe":1,"minecraft:oak_boat":9,"minecraft:spruce_slab":3,"minecraft:sugar_cane":36,"minecraft:oak_planks":71,"minecraft:furnace":4,"minecraft:stick":6,"minecraft:raw_iron":2,"minecraft:cooked_porkchop":2,"minecraft:oak_door":3,"minecraft:torch":6,"minecraft:dandelion":1,"minecraft:gravel":1,"minecraft:porkchop":12,"minecraft:diorite":6,"minecraft:white_bed":7,"minecraft:rotten_flesh":3,"minecraft:stone_axe":1,"minecraft:oak_sapling":1,"minecraft:mutton":18,"minecraft:coal":35,"minecraft:nautilus_shell":1,"minecraft:white_wool":23,"minecraft:cobblestone":216,"minecraft:ender_pearl":3},"minecraft:custom":{"minecraft:interact_with_furnace":20,"minecraft:mob_kills":24,"minecraft:interact_with_crafting_table":14,"minecraft:time_since_death":37008,"minecraft:sleep_in_bed":2,"minecraft:climb_one_cm":1706,"minecraft:time_since_rest":15770,"minecraft:sprint_one_cm":109763,"minecraft:damage_taken":1995,"minecraft:walk_one_cm":104254,"minecraft:damage_blocked_by_shield":905,"minecraft:damage_dealt":4828,"minecraft:swim_one_cm":50510,"minecraft:fly_one_cm":186304,"minecraft:open_chest":11,"minecraft:crouch_one_cm":3384,"minecraft:play_time":71355,"minecraft:deaths":3,"minecraft:sneak_time":2421,"minecraft:walk_under_water_one_cm":49072,"minecraft:boat_one_cm":449247,"minecraft:jump":778,"minecraft:walk_on_water_one_cm":35473,"minecraft:total_world_time":71355,"minecraft:fall_one_cm":9260},"minecraft:crafted":{"minecraft:cooked_beef":6,"minecraft:oak_planks":76,"minecraft:cooked_porkchop":2,"minecraft:crafting_table":1,"minecraft:cooked_chicken":3,"minecraft:wooden_pickaxe":1,"minecraft:furnace":1,"minecraft:cooked_salmon":1,"minecraft:stone_axe":1,"minecraft:cooked_mutton":3,"minecraft:air":0,"minecraft:oak_boat":1,"minecraft:iron_chestplate":1,"minecraft:shield":1,"minecraft:stick":12,"minecraft:iron_ingot":2,"minecraft:stone_pickaxe":3,"minecraft:wooden_axe":1,"minecraft:stone_sword":1},"minecraft:killed":{"minecraft:pig":2,"minecraft:salmon":1,"minecraft:spider":1,"minecraft:iron_golem":2,"minecraft:sheep":7,"minecraft:chicken":3,"minecraft:drowned":2,"minecraft:enderman":2,"minecraft:cow":4},"minecraft:broken":{"minecraft:stone_pickaxe":2},"minecraft:used":{"minecraft:cooked_mutton":3,"minecraft:diorite":5,"minecraft:stone_sword":6,"minecraft:stone_pickaxe":267,"minecraft:oak_planks":13,"minecraft:shield":13,"minecraft:wooden_pickaxe":8,"minecraft:cooked_salmon":1,"minecraft:cooked_chicken":3,"minecraft:rotten_flesh":1,"minecraft:iron_chestplate":2,"minecraft:white_wool":9,"minecraft:torch":3,"minecraft:dirt":11,"minecraft:crafting_table":8,"minecraft:white_bed":2,"minecraft:oak_log":2,"minecraft:wooden_axe":21,"minecraft:gravel":1,"minecraft:stone_axe":85,"minecraft:cobblestone":64,"minecraft:oak_sapling":1,"minecraft:furnace":3,"minecraft:cooked_porkchop":3,"minecraft:oak_boat":7,"minecraft:cooked_beef":6,"minecraft:dandelion":1}},"DataVersion":2975}