{"stats":{"minecraft:killed_by":{"minecraft:zombie":1,"minecraft:drowned":2},"minecraft:mined":{"minecraft:white_bed":2,"minecraft:crafting_table":6,"minecraft:cobblestone":14,"minecraft:oak_planks":5,"minecraft:sugar_cane":5,"minecraft:diorite":4,"minecraft:furnace":1,"minecraft:grass":2,"minecraft:oak_log":22,"minecraft:coal_ore":11,"minecraft:stone":1,"minecraft:spruce_slab":1,"minecraft:oak_leaves":3},"minecraft:picked_up":{"minecraft:wooden_axe":1,"minecraft:iron_chestplate":1,"minecraft:crafting_table":7,"minecraft:feather":8,"minecraft:chicken":6,"minecraft:salmon":1,"minecraft:leather":14,"minecraft:wooden_pickaxe":1,"minecraft:oak_log":28,"minecraft:cooked_salmon":1,"minecraft:iron_ingot":8,"minecraft:beef":12,"minecraft:oak_boat":5,"minecraft:spruce_slab":2,"minecraft:sugar_cane":24,"minecraft:oak_planks":28,"minecraft:furnace":1,"minecraft:stick":4,"minecraft:oak_door":2,"minecraft:torch":2,"minecraft:dandelion":1,"minecraft:porkchop":8,"minecraft:diorite":4,"minecraft:white_bed":4,"minecraft:rotten_flesh":1,"minecraft:oak_sapling":1,"minecraft:mutton":13,"minecraft:coal":22,"minecraft:white_wool":14,"minecraft:cobblestone":16,"minecraft:ender_pearl":2},"minecraft:custom":{"minecraft:interact_with_furnace":6,"minecraft:mob_kills":21,"minecraft:interact_with_crafting_table":8,"minecraft:time_since_death":1008,"minecraft:sleep_in_bed":1,"minecraft:climb_one_cm":1706,"minecraft:time_since_rest":1028,"minecraft:sprint_one_cm":93004,"minecraft:damage_taken":901,"minecraft:walk_one_cm":57986,"minecraft:damage_dealt":4109,"minecraft:swim_one_cm":7640,"minecraft:fly_one_cm":128558,"minecraft:open_chest":7,"minecraft:crouch_one_cm":917,"minecraft:play_time":35355,"minecraft:deaths":3,"minecraft:sneak_time":1118,"minecraft:walk_under_water_one_cm":11689,"minecraft:boat_one_cm":120927,"minecraft:jump":464,"minecraft:walk_on_water_one_cm":20840,"minecraft:total_world_time":35355,"minecraft:fall_one_cm":6431},"minecraft:crafted":{"minecraft:oak_planks":48,"minecraft:crafting_table":1,"minecraft:wooden_pickaxe":1,"minecraft:furnace":1,"minecraft:cooked_salmon":1,"minecraft:stone_axe":1,"minecraft:cooked_mutton":3,"minecraft:air":0,"minecraft:oak_boat":1,"minecraft:iron_chestplate":1,"minecraft:stick":8,"minecraft:stone_pickaxe":1,"minecraft:wooden_axe":1},"minecraft:killed":{"minecraft:pig":2,"minecraft:salmon":1,"minecraft:iron_golem":2,"minecraft:sheep":7,"minecraft:chicken":3,"minecraft:enderman":2,"minecraft:cow":4},"minecraft:used":{"minecraft:cooked_mutton":3,"minecraft:diorite":4,"minecraft:stone_pickaxe":25,"minecraft:oak_planks":8,"minecraft:wooden_pickaxe":6,"minecraft:rotten_flesh":1,"minecraft:iron_chestplate":1,"minecraft:crafting_table":6,"minecraft:white_bed":1,"minecraft:oak_log":2,"minecraft:wooden_axe":20,"minecraft:stone_axe":67,"minecraft:oak_sapling":1,"minecraft:furnace":1,"minecraft:oak_boat":4,"minecraft:dandelion":1}},"DataVersion":2975}