{"stats":{"minecraft:killed_by":{"minecraft:zombie":1},"minecraft:mined":{"minecraft:oak_log":2,"minecraft:white_bed":1},"minecraft:picked_up":{"minecraft:oak_log":2,"minecraft:white_bed":1},"minecraft:custom":{"minecraft:jump":124,"minecraft:open_chest":3,"minecraft:time_since_rest":980,"minecraft:deaths":1,"minecraft:damage_taken":225,"minecraft:sprint_one_cm":19781,"minecraft:play_time":5965,"minecraft:walk_on_water_one_cm":1719,"minecraft:time_since_death":960,"minecraft:walk_one_cm":10948,"minecraft:sneak_time":7,"minecraft:climb_one_cm":1706,"minecraft:total_world_time":5965,"minecraft:fall_one_cm":687,"minecraft:fly_one_cm":38079},"minecraft:used":{"minecraft:oak_log":2}},"DataVersion":2975}