{"stats":{"minecraft:killed_by":{"minecraft:zombie":1},"minecraft:mined":{"minecraft:white_bed":2,"minecraft:crafting_table":4,"minecraft:oak_log":21,"minecraft:cobblestone":14,"minecraft:oak_planks":5,"minecraft:oak_leaves":3},"minecraft:picked_up":{"minecraft:stick":2,"minecraft:crafting_table":4,"minecraft:oak_door":1,"minecraft:salmon":1,"minecraft:torch":1,"minecraft:dandelion":1,"minecraft:oak_log":19,"minecraft:white_bed":3,"minecraft:rotten_flesh":1,"minecraft:iron_ingot":8,"minecraft:oak_boat":1,"minecraft:oak_sapling":1,"minecraft:mutton":3,"minecraft:oak_planks":5,"minecraft:white_wool":2,"minecraft:cobblestone":14,"minecraft:ender_pearl":1},"minecraft:custom":{"minecraft:time_since_rest":12980,"minecraft:interact_with_furnace":5,"minecraft:sprint_one_cm":52363,"minecraft:damage_taken":275,"minecraft:walk_one_cm":37514,"minecraft:mob_kills":6,"minecraft:damage_dealt":2589,"minecraft:interact_with_crafting_table":7,"minecraft:fly_one_cm":62995,"minecraft:open_chest":5,"minecraft:crouch_one_cm":644,"minecraft:play_time":17965,"minecraft:deaths":1,"minecraft:sneak_time":956,"minecraft:walk_under_water_one_cm":3317,"minecraft:jump":225,"minecraft:walk_on_water_one_cm":2829,"minecraft:time_since_death":12960,"minecraft:climb_one_cm":1706,"minecraft:total_world_time":17965,"minecraft:fall_one_cm":1231},"minecraft:crafted":{"minecraft:oak_boat":1,"minecraft:oak_planks":48,"minecraft:iron_chestplate":1,"minecraft:crafting_table":1,"minecraft:stick":8,"minecraft:wooden_pickaxe":1,"minecraft:stone_pickaxe":1,"minecraft:wooden_axe":1,"minecraft:furnace":1,"minecraft:stone_axe":1,"minecraft:air":0,"minecraft:cooked_mutton":3},"minecraft:killed":{"minecraft:sheep":2,"minecraft:salmon":1,"minecraft:iron_golem":2,"minecraft:enderman":1},"minecraft:used":{"minecraft:oak_log":2,"minecraft:cooked_mutton":2,"minecraft:wooden_axe":20,"minecraft:stone_pickaxe":8,"minecraft:oak_planks":8,"minecraft:wooden_pickaxe":6,"minecraft:rotten_flesh":1,"minecraft:iron_chestplate":1,"minecraft:stone_axe":40,"minecraft:crafting_table":5,"minecraft:furnace":1,"minecraft:oak_sapling":1,"minecraft:oak_boat":1,"minecraft:dandelion":1}},"DataVersion":2975}