{"stats":{"minecraft:picked_up":{"minecraft:birch_log":9,"minecraft:netherite_boots":3,"minecraft:andesite":20,"minecraft:glow_ink_sac":26,"minecraft:anvil":1,"minecraft:salmon":10,"minecraft:leather":14,"minecraft:enchanted_book":2,"minecraft:wither_rose":19,"minecraft:oak_log":1,"minecraft:wither_skeleton_skull":4,"minecraft:netherite_leggings":3,"minecraft:dirt":29,"minecraft:string":16,"minecraft:raw_copper":1,"minecraft:netherite_scrap":2,"minecraft:cooked_mutton":1,"minecraft:netherite_ingot":1,"minecraft:bone":3,"minecraft:wheat_seeds":1,"minecraft:detector_rail":1,"minecraft:raw_gold":1,"minecraft:iron_ingot":4,"minecraft:soul_sand":3,"minecraft:stick":2,"minecraft:raw_iron":1,"minecraft:end_stone":15,"minecraft:cooked_porkchop":4,"minecraft:copper_ingot":1,"minecraft:sand":3,"minecraft:ink_sac":3,"minecraft:diorite":1,"minecraft:rotten_flesh":58,"minecraft:diamond":30,"minecraft:tropical_fish":1,"minecraft:netherite_helmet":3,"minecraft:music_disc_ward":1,"minecraft:granite":33,"minecraft:bone_meal":1,"minecraft:golden_apple":1,"minecraft:gray_wool":1,"minecraft:gold_ingot":1,"minecraft:netherite_chestplate":3,"minecraft:white_wool":7,"minecraft:cod":14,"minecraft:nether_star":11,"minecraft:cobblestone":24,"minecraft:ender_pearl":8},"minecraft:killed_by":{"minecraft:creeper":2},"minecraft:used":{"minecraft:diamond_boots":1,"minecraft:netherite_chestplate":1,"minecraft:anvil":1,"minecraft:netherite_leggings":1,"minecraft:crafting_table":1,"minecraft:diamond_helmet":1,"minecraft:netherite_helmet":1,"minecraft:oak_log":1,"minecraft:command_block":1,"minecraft:netherite_boots":1,"minecraft:diamond_chestplate":1,"minecraft:birch_log":9,"minecraft:diamond_leggings":1},"minecraft:dropped":{"minecraft:iron_ingot":1,"minecraft:soul_sand":2,"minecraft:wheat_seeds":1,"minecraft:netherite_ingot":1,"minecraft:raw_copper":1,"minecraft:diamond":1,"minecraft:nether_star":11,"minecraft:raw_iron":1,"minecraft:netherite_helmet":1,"minecraft:netherite_chestplate":1,"minecraft:wither_skeleton_skull":3,"minecraft:copper_ingot":1,"minecraft:netherite_leggings":1,"minecraft:stick":2,"minecraft:dirt":3,"minecraft:netherite_scrap":2,"minecraft:netherite_boots":1,"minecraft:raw_gold":1,"minecraft:birch_log":3,"minecraft:gold_ingot":1},"minecraft:crafted":{"minecraft:crafting_table":1,"minecraft:birch_planks":4,"minecraft:diamond_helmet":1,"minecraft:diamond_leggings":1,"minecraft:diamond_boots":1,"minecraft:diamond_chestplate":1},"minecraft:custom":{"minecraft:interact_with_anvil":2,"minecraft:interact_with_crafting_table":1,"minecraft:leave_game":6,"minecraft:time_since_death":3088,"minecraft:time_since_rest":3108,"minecraft:sprint_one_cm":20023,"minecraft:damage_taken":643,"minecraft:walk_one_cm":14389,"minecraft:drop":21,"minecraft:damage_dealt":30,"minecraft:swim_one_cm":3169,"minecraft:fly_one_cm":190400,"minecraft:crouch_one_cm":423,"minecraft:play_time":16435,"minecraft:deaths":5,"minecraft:sneak_time":226,"minecraft:walk_under_water_one_cm":7282,"minecraft:jump":186,"minecraft:walk_on_water_one_cm":3136,"minecraft:total_world_time":16435,"minecraft:fall_one_cm":2841},"minecraft:mined":{"minecraft:birch_log":3,"minecraft:oak_log":1}},"DataVersion":2975}