{"stats":{"minecraft:mined":{"minecraft:tuff":5,"minecraft:white_bed":2,"minecraft:deepslate_diamond_ore":14,"minecraft:obsidian":5,"minecraft:hay_block":17,"minecraft:furnace":2,"minecraft:fire":1,"minecraft:iron_ore":39,"minecraft:cobbled_deepslate":2,"minecraft:pumpkin":14,"minecraft:deepslate_lapis_ore":1,"minecraft:gold_block":1,"minecraft:deepslate_iron_ore":20,"minecraft:stripped_oak_log":4,"minecraft:stone":118,"minecraft:deepslate_redstone_ore":1,"minecraft:dandelion":2,"minecraft:torch":3,"minecraft:oak_fence":1,"minecraft:crafting_table":8,"minecraft:emerald_ore":1,"minecraft:tall_grass":5,"minecraft:cobblestone":69,"minecraft:lapis_ore":4,"minecraft:sugar_cane":36,"minecraft:wall_torch":3,"minecraft:grass":39,"minecraft:oak_log":28,"minecraft:coal_ore":63,"minecraft:dripstone_block":3,"minecraft:gravel":8,"minecraft:sand":8,"minecraft:dirt":1,"minecraft:netherrack":3,"minecraft:oak_leaves":4,"minecraft:deepslate":33},"minecraft:picked_up":{"minecraft:crafting_table":8,"minecraft:pink_wool":2,"minecraft:gold_block":1,"minecraft:string":1,"minecraft:cobbled_deepslate":33,"minecraft:beef":24,"minecraft:oak_boat":2,"minecraft:iron_pickaxe":1,"minecraft:sugar_cane":62,"minecraft:furnace":2,"minecraft:raw_iron":65,"minecraft:stick":4,"minecraft:oak_fence":1,"minecraft:torch":11,"minecraft:pointed_dripstone":2,"minecraft:redstone":10,"minecraft:arrow":4,"minecraft:rotten_flesh":6,"minecraft:hay_block":17,"minecraft:cod":5,"minecraft:obsidian":5,"minecraft:cobblestone":211,"minecraft:white_wool":2,"minecraft:stripped_oak_log":4,"minecraft:leather_chestplate":1,"minecraft:cooked_beef":13,"minecraft:salmon":2,"minecraft:leather":24,"minecraft:filled_map":1,"minecraft:flint":1,"minecraft:oak_log":28,"minecraft:lapis_lazuli":28,"minecraft:dirt":1,"minecraft:name_tag":1,"minecraft:cooked_mutton":6,"minecraft:bone":2,"minecraft:apple":1,"minecraft:wheat_seeds":3,"minecraft:iron_ingot":3,"minecraft:oak_planks":8,"minecraft:cooked_porkchop":12,"minecraft:pumpkin":14,"minecraft:dripstone_block":2,"minecraft:gravel":7,"minecraft:sand":7,"minecraft:white_bed":2,"minecraft:spider_eye":1,"minecraft:diamond":14,"minecraft:emerald":1,"minecraft:oak_sapling":2,"minecraft:coal":59},"minecraft:custom":{"minecraft:mob_kills":57,"minecraft:interact_with_crafting_table":15,"minecraft:leave_game":2,"minecraft:time_since_death":118987,"minecraft:sprint_one_cm":211549,"minecraft:walk_one_cm":108167,"minecraft:damage_blocked_by_shield":1530,"minecraft:drop":38,"minecraft:play_time":118987,"minecraft:sneak_time":5636,"minecraft:walk_under_water_one_cm":61910,"minecraft:boat_one_cm":350016,"minecraft:jump":2312,"minecraft:walk_on_water_one_cm":52139,"minecraft:total_world_time":118987,"minecraft:interact_with_furnace":14,"minecraft:sleep_in_bed":2,"minecraft:time_since_rest":91826,"minecraft:damage_taken":1555,"minecraft:damage_dealt":7812,"minecraft:swim_one_cm":200063,"minecraft:fly_one_cm":501337,"minecraft:open_chest":25,"minecraft:crouch_one_cm":9941,"minecraft:fish_caught":5,"minecraft:fall_one_cm":55518},"minecraft:crafted":{"minecraft:oak_planks":128,"minecraft:furnace":1,"minecraft:flint_and_steel":1,"minecraft:iron_boots":1,"minecraft:stone_pickaxe":1,"minecraft:wheat":153,"minecraft:crafting_table":2,"minecraft:wooden_pickaxe":1,"minecraft:iron_helmet":1,"minecraft:iron_sword":1,"minecraft:bucket":2,"minecraft:stone_axe":1,"minecraft:bread":51,"minecraft:air":0,"minecraft:oak_boat":1,"minecraft:diamond_pickaxe":1,"minecraft:shield":1,"minecraft:stick":32,"minecraft:iron_ingot":30,"minecraft:iron_pickaxe":1,"minecraft:wooden_axe":1,"minecraft:gold_ingot":9,"minecraft:iron_leggings":1,"minecraft:torch":72,"minecraft:diamond_chestplate":1},"minecraft:killed":{"minecraft:spider":3,"minecraft:skeleton":3,"minecraft:drowned":9,"minecraft:pig":6,"minecraft:iron_golem":2,"minecraft:sheep":4,"minecraft:zombie":4,"minecraft:cow":24},"minecraft:dropped":{"minecraft:wheat_seeds":3,"minecraft:dripstone_block":2,"minecraft:cod":5,"minecraft:stick":5,"minecraft:torch":1,"minecraft:wooden_axe":1,"minecraft:potion":2,"minecraft:sand":5,"minecraft:iron_pickaxe":1,"minecraft:string":1,"minecraft:white_wool":2,"minecraft:redstone":5,"minecraft:bone":2,"minecraft:gravel":7,"minecraft:bowl":1,"minecraft:rotten_flesh":6,"minecraft:salmon":2,"minecraft:filled_map":5,"minecraft:leather_chestplate":2,"minecraft:potato":8,"minecraft:pink_wool":1,"minecraft:leather_boots":1,"minecraft:oak_sapling":2,"minecraft:spider_eye":1,"minecraft:stone_pickaxe":1,"minecraft:beef":24,"minecraft:wooden_pickaxe":1},"minecraft:broken":{"minecraft:iron_pickaxe":1},"minecraft:used":{"minecraft:oak_fence":1,"minecraft:flint_and_steel":19,"minecraft:shield":24,"minecraft:iron_sword":78,"minecraft:cooked_salmon":1,"minecraft:torch":76,"minecraft:dirt":1,"minecraft:milk_bucket":1,"minecraft:wooden_axe":12,"minecraft:lava_bucket":43,"minecraft:iron_helmet":1,"minecraft:furnace":3,"minecraft:cooked_cod":2,"minecraft:cobbled_deepslate":33,"minecraft:iron_leggings":1,"minecraft:water_bucket":66,"minecraft:stone_pickaxe":113,"minecraft:oak_planks":11,"minecraft:wooden_pickaxe":7,"minecraft:leather_chestplate":1,"minecraft:leather_boots":1,"minecraft:sand":2,"minecraft:tnt":4,"minecraft:crafting_table":9,"minecraft:white_bed":2,"minecraft:diamond_pickaxe":22,"minecraft:bread":36,"minecraft:suspicious_stew":1,"minecraft:iron_pickaxe":251,"minecraft:stone_axe":86,"minecraft:fishing_rod":11,"minecraft:cobblestone":171,"minecraft:bucket":111,"minecraft:oak_boat":3}},"DataVersion":2975}