{"stats":{"minecraft:mined":{"minecraft:tuff":5,"minecraft:white_bed":2,"minecraft:deepslate_diamond_ore":14,"minecraft:obsidian":5,"minecraft:hay_block":17,"minecraft:furnace":2,"minecraft:fire":1,"minecraft:iron_ore":39,"minecraft:cobbled_deepslate":2,"minecraft:pumpkin":14,"minecraft:deepslate_lapis_ore":1,"minecraft:gold_block":1,"minecraft:deepslate_iron_ore":20,"minecraft:stripped_oak_log":4,"minecraft:stone":118,"minecraft:deepslate_redstone_ore":1,"minecraft:dandelion":2,"minecraft:torch":3,"minecraft:oak_fence":1,"minecraft:crafting_table":8,"minecraft:emerald_ore":1,"minecraft:tall_grass":5,"minecraft:cobblestone":54,"minecraft:lapis_ore":4,"minecraft:sugar_cane":36,"minecraft:wall_torch":3,"minecraft:grass":39,"minecraft:oak_log":28,"minecraft:coal_ore":63,"minecraft:dripstone_block":3,"minecraft:gravel":8,"minecraft:sand":5,"minecraft:dirt":1,"minecraft:netherrack":3,"minecraft:oak_leaves":4,"minecraft:deepslate":33},"minecraft:picked_up":{"minecraft:crafting_table":8,"minecraft:pink_wool":2,"minecraft:gold_block":1,"minecraft:string":1,"minecraft:cobbled_deepslate":33,"minecraft:beef":24,"minecraft:oak_boat":2,"minecraft:iron_pickaxe":1,"minecraft:sugar_cane":62,"minecraft:furnace":2,"minecraft:raw_iron":65,"minecraft:stick":4,"minecraft:oak_fence":1,"minecraft:torch":11,"minecraft:pointed_dripstone":2,"minecraft:redstone":10,"minecraft:arrow":4,"minecraft:rotten_flesh":6,"minecraft:hay_block":17,"minecraft:obsidian":5,"minecraft:cobblestone":169,"minecraft:white_wool":2,"minecraft:stripped_oak_log":4,"minecraft:leather_chestplate":1,"minecraft:cooked_beef":13,"minecraft:leather":24,"minecraft:filled_map":1,"minecraft:flint":1,"minecraft:oak_log":28,"minecraft:lapis_lazuli":28,"minecraft:dirt":1,"minecraft:cooked_mutton":6,"minecraft:bone":2,"minecraft:apple":1,"minecraft:wheat_seeds":3,"minecraft:iron_ingot":3,"minecraft:oak_planks":8,"minecraft:cooked_porkchop":12,"minecraft:pumpkin":14,"minecraft:dripstone_block":2,"minecraft:gravel":7,"minecraft:sand":4,"minecraft:white_bed":2,"minecraft:spider_eye":1,"minecraft:diamond":14,"minecraft:emerald":1,"minecraft:oak_sapling":2,"minecraft:coal":59},"minecraft:custom":{"minecraft:mob_kills":50,"minecraft:interact_with_crafting_table":15,"minecraft:leave_game":1,"minecraft:time_since_death":101562,"minecraft:sprint_one_cm":210016,"minecraft:walk_one_cm":105335,"minecraft:damage_blocked_by_shield":1050,"minecraft:drop":29,"minecraft:play_time":101562,"minecraft:sneak_time":5317,"minecraft:walk_under_water_one_cm":42285,"minecraft:boat_one_cm":243557,"minecraft:jump":2276,"minecraft:walk_on_water_one_cm":40930,"minecraft:total_world_time":101562,"minecraft:interact_with_furnace":14,"minecraft:sleep_in_bed":2,"minecraft:time_since_rest":74401,"minecraft:damage_taken":997,"minecraft:damage_dealt":6639,"minecraft:swim_one_cm":121653,"minecraft:fly_one_cm":500004,"minecraft:open_chest":18,"minecraft:crouch_one_cm":9941,"minecraft:fall_one_cm":55309},"minecraft:crafted":{"minecraft:oak_planks":128,"minecraft:furnace":1,"minecraft:flint_and_steel":1,"minecraft:iron_boots":1,"minecraft:stone_pickaxe":1,"minecraft:wheat":153,"minecraft:crafting_table":2,"minecraft:wooden_pickaxe":1,"minecraft:iron_helmet":1,"minecraft:iron_sword":1,"minecraft:bucket":2,"minecraft:stone_axe":1,"minecraft:bread":51,"minecraft:air":0,"minecraft:oak_boat":1,"minecraft:diamond_pickaxe":1,"minecraft:shield":1,"minecraft:stick":32,"minecraft:iron_ingot":30,"minecraft:iron_pickaxe":1,"minecraft:wooden_axe":1,"minecraft:gold_ingot":9,"minecraft:iron_leggings":1,"minecraft:torch":72,"minecraft:diamond_chestplate":1},"minecraft:killed":{"minecraft:spider":3,"minecraft:skeleton":3,"minecraft:drowned":2,"minecraft:pig":6,"minecraft:iron_golem":2,"minecraft:sheep":4,"minecraft:zombie":4,"minecraft:cow":24},"minecraft:dropped":{"minecraft:wheat_seeds":3,"minecraft:dripstone_block":2,"minecraft:stick":5,"minecraft:torch":1,"minecraft:wooden_axe":1,"minecraft:potion":2,"minecraft:sand":2,"minecraft:iron_pickaxe":1,"minecraft:string":1,"minecraft:redstone":5,"minecraft:bone":2,"minecraft:gravel":7,"minecraft:rotten_flesh":6,"minecraft:filled_map":3,"minecraft:leather_chestplate":2,"minecraft:potato":8,"minecraft:pink_wool":1,"minecraft:leather_boots":1,"minecraft:oak_sapling":2,"minecraft:spider_eye":1,"minecraft:stone_pickaxe":1,"minecraft:beef":24,"minecraft:wooden_pickaxe":1},"minecraft:used":{"minecraft:oak_fence":1,"minecraft:flint_and_steel":15,"minecraft:shield":18,"minecraft:iron_sword":53,"minecraft:torch":76,"minecraft:dirt":1,"minecraft:milk_bucket":1,"minecraft:wooden_axe":12,"minecraft:lava_bucket":43,"minecraft:iron_helmet":1,"minecraft:furnace":3,"minecraft:cooked_cod":2,"minecraft:cobbled_deepslate":33,"minecraft:iron_leggings":1,"minecraft:water_bucket":35,"minecraft:stone_pickaxe":113,"minecraft:oak_planks":11,"minecraft:wooden_pickaxe":7,"minecraft:leather_chestplate":1,"minecraft:leather_boots":1,"minecraft:sand":2,"minecraft:tnt":2,"minecraft:crafting_table":9,"minecraft:white_bed":2,"minecraft:diamond_pickaxe":22,"minecraft:bread":29,"minecraft:iron_pickaxe":236,"minecraft:stone_axe":86,"minecraft:cobblestone":154,"minecraft:bucket":80,"minecraft:oak_boat":3}},"DataVersion":2975}