{"stats":{"minecraft:picked_up":{"minecraft:stripped_oak_log":4,"minecraft:crafting_table":5,"minecraft:leather":9,"minecraft:flint":1,"minecraft:oak_log":28,"minecraft:lapis_lazuli":22,"minecraft:dirt":1,"minecraft:bone":2,"minecraft:apple":1,"minecraft:wheat_seeds":2,"minecraft:cobbled_deepslate":20,"minecraft:beef":8,"minecraft:oak_boat":1,"minecraft:sugar_cane":60,"minecraft:furnace":1,"minecraft:raw_iron":33,"minecraft:stick":4,"minecraft:oak_fence":1,"minecraft:torch":8,"minecraft:gravel":7,"minecraft:dripstone_block":2,"minecraft:sand":2,"minecraft:white_bed":2,"minecraft:redstone":5,"minecraft:arrow":4,"minecraft:rotten_flesh":6,"minecraft:diamond":13,"minecraft:hay_block":17,"minecraft:oak_sapling":2,"minecraft:coal":18,"minecraft:cobblestone":94},"minecraft:used":{"minecraft:oak_fence":1,"minecraft:water_bucket":13,"minecraft:flint_and_steel":3,"minecraft:stone_pickaxe":113,"minecraft:oak_planks":11,"minecraft:shield":14,"minecraft:wooden_pickaxe":7,"minecraft:leather_chestplate":1,"minecraft:iron_sword":7,"minecraft:leather_boots":1,"minecraft:torch":71,"minecraft:dirt":1,"minecraft:sand":2,"minecraft:crafting_table":7,"minecraft:white_bed":2,"minecraft:wooden_axe":12,"minecraft:bread":16,"minecraft:iron_pickaxe":83,"minecraft:iron_helmet":1,"minecraft:stone_axe":50,"minecraft:cobblestone":80,"minecraft:furnace":2,"minecraft:cooked_cod":2,"minecraft:bucket":14,"minecraft:oak_boat":1,"minecraft:cobbled_deepslate":18,"minecraft:iron_leggings":1},"minecraft:dropped":{"minecraft:gravel":7,"minecraft:wheat_seeds":2,"minecraft:dripstone_block":2,"minecraft:rotten_flesh":6,"minecraft:filled_map":1,"minecraft:torch":1,"minecraft:wooden_axe":1,"minecraft:leather_boots":1,"minecraft:oak_sapling":2,"minecraft:stone_pickaxe":1,"minecraft:wooden_pickaxe":1,"minecraft:bone":2},"minecraft:crafted":{"minecraft:oak_planks":128,"minecraft:crafting_table":2,"minecraft:wooden_pickaxe":1,"minecraft:iron_helmet":1,"minecraft:iron_sword":1,"minecraft:furnace":1,"minecraft:bucket":1,"minecraft:stone_axe":1,"minecraft:bread":51,"minecraft:air":0,"minecraft:flint_and_steel":1,"minecraft:oak_boat":1,"minecraft:iron_boots":1,"minecraft:shield":1,"minecraft:stick":24,"minecraft:iron_ingot":24,"minecraft:iron_pickaxe":1,"minecraft:stone_pickaxe":1,"minecraft:wooden_axe":1,"minecraft:iron_leggings":1,"minecraft:torch":64,"minecraft:wheat":153},"minecraft:custom":{"minecraft:interact_with_furnace":12,"minecraft:mob_kills":14,"minecraft:interact_with_crafting_table":13,"minecraft:time_since_death":42000,"minecraft:sleep_in_bed":2,"minecraft:time_since_rest":14839,"minecraft:sprint_one_cm":96639,"minecraft:damage_taken":655,"minecraft:walk_one_cm":53152,"minecraft:damage_blocked_by_shield":740,"minecraft:drop":13,"minecraft:damage_dealt":3404,"minecraft:swim_one_cm":28580,"minecraft:fly_one_cm":256959,"minecraft:open_chest":5,"minecraft:crouch_one_cm":4875,"minecraft:play_time":42000,"minecraft:sneak_time":2531,"minecraft:walk_under_water_one_cm":11652,"minecraft:boat_one_cm":17312,"minecraft:jump":1146,"minecraft:walk_on_water_one_cm":16498,"minecraft:total_world_time":42000,"minecraft:fall_one_cm":24074},"minecraft:mined":{"minecraft:deepslate_redstone_ore":1,"minecraft:tuff":5,"minecraft:white_bed":2,"minecraft:deepslate_diamond_ore":13,"minecraft:dandelion":1,"minecraft:oak_fence":1,"minecraft:crafting_table":5,"minecraft:tall_grass":2,"minecraft:cobblestone":16,"minecraft:lapis_ore":4,"minecraft:sugar_cane":34,"minecraft:wall_torch":3,"minecraft:hay_block":17,"minecraft:furnace":1,"minecraft:iron_ore":13,"minecraft:grass":10,"minecraft:oak_log":28,"minecraft:coal_ore":18,"minecraft:deepslate_iron_ore":20,"minecraft:gravel":8,"minecraft:dripstone_block":3,"minecraft:sand":2,"minecraft:dirt":1,"minecraft:stripped_oak_log":4,"minecraft:stone":79,"minecraft:oak_leaves":3,"minecraft:deepslate":22},"minecraft:killed":{"minecraft:iron_golem":2,"minecraft:skeleton":2,"minecraft:zombie":4,"minecraft:cow":5}},"DataVersion":2975}