{"stats":{"minecraft:picked_up":{"minecraft:stripped_oak_log":4,"minecraft:crafting_table":5,"minecraft:leather":9,"minecraft:oak_log":28,"minecraft:lapis_lazuli":22,"minecraft:dirt":1,"minecraft:bone":2,"minecraft:apple":1,"minecraft:wheat_seeds":2,"minecraft:beef":8,"minecraft:oak_boat":1,"minecraft:sugar_cane":60,"minecraft:furnace":1,"minecraft:raw_iron":18,"minecraft:stick":4,"minecraft:oak_fence":1,"minecraft:torch":8,"minecraft:sand":2,"minecraft:white_bed":2,"minecraft:arrow":4,"minecraft:rotten_flesh":6,"minecraft:hay_block":17,"minecraft:oak_sapling":2,"minecraft:coal":18,"minecraft:cobblestone":89},"minecraft:used":{"minecraft:oak_fence":1,"minecraft:water_bucket":2,"minecraft:stone_pickaxe":113,"minecraft:oak_planks":11,"minecraft:shield":13,"minecraft:wooden_pickaxe":7,"minecraft:leather_chestplate":1,"minecraft:iron_sword":7,"minecraft:leather_boots":1,"minecraft:torch":15,"minecraft:dirt":1,"minecraft:sand":2,"minecraft:crafting_table":6,"minecraft:white_bed":1,"minecraft:wooden_axe":12,"minecraft:bread":7,"minecraft:iron_pickaxe":10,"minecraft:stone_axe":50,"minecraft:cobblestone":33,"minecraft:furnace":1,"minecraft:cooked_cod":2,"minecraft:bucket":3,"minecraft:oak_boat":1},"minecraft:dropped":{"minecraft:wheat_seeds":2,"minecraft:filled_map":1,"minecraft:torch":1,"minecraft:wooden_axe":1,"minecraft:leather_boots":1,"minecraft:oak_sapling":2,"minecraft:wooden_pickaxe":1,"minecraft:bone":2},"minecraft:crafted":{"minecraft:oak_planks":48,"minecraft:crafting_table":1,"minecraft:wooden_pickaxe":1,"minecraft:iron_sword":1,"minecraft:furnace":1,"minecraft:bucket":1,"minecraft:stone_axe":1,"minecraft:bread":51,"minecraft:air":0,"minecraft:oak_boat":1,"minecraft:iron_boots":1,"minecraft:shield":1,"minecraft:stick":24,"minecraft:iron_ingot":12,"minecraft:iron_pickaxe":1,"minecraft:stone_pickaxe":1,"minecraft:wooden_axe":1,"minecraft:torch":64,"minecraft:wheat":153},"minecraft:custom":{"minecraft:interact_with_furnace":6,"minecraft:mob_kills":13,"minecraft:interact_with_crafting_table":11,"minecraft:time_since_death":30000,"minecraft:sleep_in_bed":2,"minecraft:time_since_rest":2839,"minecraft:sprint_one_cm":69229,"minecraft:damage_taken":465,"minecraft:walk_one_cm":36233,"minecraft:damage_blocked_by_shield":710,"minecraft:drop":9,"minecraft:damage_dealt":3387,"minecraft:swim_one_cm":28580,"minecraft:fly_one_cm":164245,"minecraft:open_chest":5,"minecraft:crouch_one_cm":3281,"minecraft:play_time":30000,"minecraft:sneak_time":1524,"minecraft:walk_under_water_one_cm":5200,"minecraft:boat_one_cm":17312,"minecraft:jump":704,"minecraft:walk_on_water_one_cm":10889,"minecraft:total_world_time":30000,"minecraft:fall_one_cm":10057},"minecraft:mined":{"minecraft:white_bed":2,"minecraft:dandelion":1,"minecraft:oak_fence":1,"minecraft:crafting_table":5,"minecraft:tall_grass":2,"minecraft:cobblestone":14,"minecraft:lapis_ore":4,"minecraft:sugar_cane":34,"minecraft:wall_torch":3,"minecraft:hay_block":17,"minecraft:furnace":1,"minecraft:iron_ore":13,"minecraft:grass":10,"minecraft:oak_log":28,"minecraft:coal_ore":18,"minecraft:deepslate_iron_ore":5,"minecraft:sand":2,"minecraft:dirt":1,"minecraft:stripped_oak_log":4,"minecraft:stone":75,"minecraft:oak_leaves":3},"minecraft:killed":{"minecraft:iron_golem":2,"minecraft:skeleton":2,"minecraft:zombie":4,"minecraft:cow":5}},"DataVersion":2975}