{"stats":{"minecraft:mined":{"minecraft:deepslate_redstone_ore":1,"minecraft:tuff":5,"minecraft:white_bed":2,"minecraft:deepslate_diamond_ore":14,"minecraft:dandelion":1,"minecraft:oak_fence":1,"minecraft:crafting_table":8,"minecraft:torch":3,"minecraft:emerald_ore":1,"minecraft:tall_grass":3,"minecraft:cobblestone":41,"minecraft:lapis_ore":4,"minecraft:sugar_cane":34,"minecraft:wall_torch":3,"minecraft:hay_block":17,"minecraft:furnace":2,"minecraft:iron_ore":39,"minecraft:cobbled_deepslate":2,"minecraft:fire":1,"minecraft:pumpkin":14,"minecraft:deepslate_lapis_ore":1,"minecraft:grass":16,"minecraft:coal_ore":63,"minecraft:oak_log":28,"minecraft:deepslate_iron_ore":20,"minecraft:dirt":1,"minecraft:sand":4,"minecraft:gravel":8,"minecraft:dripstone_block":3,"minecraft:stripped_oak_log":4,"minecraft:stone":118,"minecraft:oak_leaves":3,"minecraft:deepslate":33},"minecraft:picked_up":{"minecraft:stripped_oak_log":4,"minecraft:crafting_table":8,"minecraft:leather_chestplate":1,"minecraft:leather":16,"minecraft:filled_map":1,"minecraft:flint":1,"minecraft:oak_log":28,"minecraft:lapis_lazuli":28,"minecraft:dirt":1,"minecraft:string":1,"minecraft:bone":2,"minecraft:apple":1,"minecraft:wheat_seeds":3,"minecraft:cobbled_deepslate":33,"minecraft:iron_ingot":3,"minecraft:beef":17,"minecraft:oak_boat":2,"minecraft:iron_pickaxe":1,"minecraft:sugar_cane":60,"minecraft:oak_planks":8,"minecraft:furnace":2,"minecraft:stick":4,"minecraft:raw_iron":65,"minecraft:pumpkin":14,"minecraft:oak_fence":1,"minecraft:torch":11,"minecraft:dripstone_block":2,"minecraft:gravel":7,"minecraft:sand":4,"minecraft:pointed_dripstone":2,"minecraft:white_bed":2,"minecraft:redstone":5,"minecraft:spider_eye":1,"minecraft:arrow":4,"minecraft:rotten_flesh":6,"minecraft:diamond":14,"minecraft:hay_block":17,"minecraft:emerald":1,"minecraft:oak_sapling":2,"minecraft:coal":59,"minecraft:cobblestone":156},"minecraft:custom":{"minecraft:interact_with_furnace":14,"minecraft:mob_kills":23,"minecraft:interact_with_crafting_table":15,"minecraft:leave_game":1,"minecraft:time_since_death":77562,"minecraft:sleep_in_bed":2,"minecraft:time_since_rest":50401,"minecraft:sprint_one_cm":156851,"minecraft:damage_taken":761,"minecraft:walk_one_cm":83763,"minecraft:damage_blocked_by_shield":950,"minecraft:drop":23,"minecraft:damage_dealt":4464,"minecraft:swim_one_cm":62413,"minecraft:fly_one_cm":362121,"minecraft:open_chest":9,"minecraft:crouch_one_cm":9112,"minecraft:play_time":77562,"minecraft:sneak_time":3788,"minecraft:walk_under_water_one_cm":21682,"minecraft:boat_one_cm":121214,"minecraft:jump":1734,"minecraft:walk_on_water_one_cm":35133,"minecraft:total_world_time":77562,"minecraft:fall_one_cm":34955},"minecraft:crafted":{"minecraft:oak_planks":128,"minecraft:crafting_table":2,"minecraft:iron_helmet":1,"minecraft:wooden_pickaxe":1,"minecraft:iron_sword":1,"minecraft:furnace":1,"minecraft:bucket":2,"minecraft:stone_axe":1,"minecraft:bread":51,"minecraft:air":0,"minecraft:flint_and_steel":1,"minecraft:oak_boat":1,"minecraft:iron_boots":1,"minecraft:diamond_pickaxe":1,"minecraft:shield":1,"minecraft:stick":32,"minecraft:iron_ingot":30,"minecraft:iron_pickaxe":1,"minecraft:stone_pickaxe":1,"minecraft:wooden_axe":1,"minecraft:iron_leggings":1,"minecraft:torch":72,"minecraft:diamond_chestplate":1,"minecraft:wheat":153},"minecraft:killed":{"minecraft:spider":1,"minecraft:iron_golem":2,"minecraft:skeleton":3,"minecraft:zombie":4,"minecraft:cow":12},"minecraft:dropped":{"minecraft:gravel":7,"minecraft:wheat_seeds":3,"minecraft:dripstone_block":2,"minecraft:rotten_flesh":6,"minecraft:stick":5,"minecraft:filled_map":3,"minecraft:leather_chestplate":2,"minecraft:torch":1,"minecraft:wooden_axe":1,"minecraft:leather_boots":1,"minecraft:oak_sapling":2,"minecraft:spider_eye":1,"minecraft:sand":2,"minecraft:wooden_pickaxe":1,"minecraft:stone_pickaxe":1,"minecraft:iron_pickaxe":1,"minecraft:string":1,"minecraft:bone":2},"minecraft:used":{"minecraft:oak_fence":1,"minecraft:water_bucket":22,"minecraft:flint_and_steel":13,"minecraft:stone_pickaxe":113,"minecraft:oak_planks":11,"minecraft:leather_chestplate":1,"minecraft:shield":15,"minecraft:wooden_pickaxe":7,"minecraft:iron_sword":14,"minecraft:leather_boots":1,"minecraft:torch":76,"minecraft:dirt":1,"minecraft:sand":2,"minecraft:crafting_table":9,"minecraft:white_bed":2,"minecraft:wooden_axe":12,"minecraft:lava_bucket":12,"minecraft:bread":22,"minecraft:iron_pickaxe":236,"minecraft:iron_helmet":1,"minecraft:stone_axe":77,"minecraft:cobblestone":116,"minecraft:furnace":3,"minecraft:cooked_cod":2,"minecraft:bucket":36,"minecraft:oak_boat":2,"minecraft:cobbled_deepslate":33,"minecraft:iron_leggings":1}},"DataVersion":2975}