{"stats":{"minecraft:mined":{"minecraft:tuff":5,"minecraft:white_bed":2,"minecraft:deepslate_diamond_ore":14,"minecraft:obsidian":5,"minecraft:hay_block":17,"minecraft:furnace":2,"minecraft:cobbled_deepslate":2,"minecraft:iron_ore":39,"minecraft:fire":1,"minecraft:pumpkin":14,"minecraft:deepslate_lapis_ore":1,"minecraft:gold_block":1,"minecraft:deepslate_iron_ore":20,"minecraft:stripped_oak_log":4,"minecraft:bamboo":20,"minecraft:stone":118,"minecraft:deepslate_redstone_ore":1,"minecraft:dandelion":4,"minecraft:torch":3,"minecraft:oak_fence":1,"minecraft:crafting_table":9,"minecraft:emerald_ore":1,"minecraft:poppy":2,"minecraft:tall_grass":5,"minecraft:cobblestone":69,"minecraft:lapis_ore":4,"minecraft:sugar_cane":36,"minecraft:wall_torch":3,"minecraft:grass":225,"minecraft:oak_log":28,"minecraft:coal_ore":63,"minecraft:dripstone_block":3,"minecraft:gravel":8,"minecraft:sand":8,"minecraft:dirt":1,"minecraft:netherrack":3,"minecraft:fern":45,"minecraft:oak_leaves":4,"minecraft:deepslate":33},"minecraft:picked_up":{"minecraft:crafting_table":9,"minecraft:pink_wool":4,"minecraft:gold_block":1,"minecraft:string":1,"minecraft:cobbled_deepslate":33,"minecraft:beef":24,"minecraft:oak_boat":3,"minecraft:iron_pickaxe":1,"minecraft:sugar_cane":62,"minecraft:furnace":2,"minecraft:stick":6,"minecraft:raw_iron":65,"minecraft:oak_fence":1,"minecraft:torch":11,"minecraft:pointed_dripstone":2,"minecraft:redstone":10,"minecraft:arrow":8,"minecraft:rotten_flesh":7,"minecraft:hay_block":17,"minecraft:obsidian":5,"minecraft:cobblestone":211,"minecraft:white_wool":2,"minecraft:cod":5,"minecraft:stripped_oak_log":4,"minecraft:leather_chestplate":1,"minecraft:feather":4,"minecraft:cooked_beef":16,"minecraft:salmon":2,"minecraft:leather":26,"minecraft:filled_map":1,"minecraft:flint":1,"minecraft:oak_log":28,"minecraft:lapis_lazuli":28,"minecraft:dirt":1,"minecraft:name_tag":1,"minecraft:cooked_mutton":6,"minecraft:bone":2,"minecraft:apple":1,"minecraft:wheat_seeds":30,"minecraft:iron_ingot":3,"minecraft:bamboo":163,"minecraft:oak_planks":8,"minecraft:cooked_porkchop":12,"minecraft:pumpkin":14,"minecraft:dripstone_block":2,"minecraft:gravel":7,"minecraft:sand":7,"minecraft:white_bed":2,"minecraft:spider_eye":1,"minecraft:diamond":14,"minecraft:emerald":1,"minecraft:oak_sapling":3,"minecraft:coal":59},"minecraft:custom":{"minecraft:mob_kills":61,"minecraft:animals_bred":1,"minecraft:interact_with_crafting_table":16,"minecraft:leave_game":2,"minecraft:time_since_death":130987,"minecraft:climb_one_cm":1889,"minecraft:sprint_one_cm":276508,"minecraft:walk_one_cm":121793,"minecraft:damage_blocked_by_shield":1690,"minecraft:drop":51,"minecraft:play_time":130987,"minecraft:sneak_time":5756,"minecraft:walk_under_water_one_cm":63228,"minecraft:boat_one_cm":350016,"minecraft:jump":2698,"minecraft:walk_on_water_one_cm":53935,"minecraft:total_world_time":130987,"minecraft:interact_with_furnace":14,"minecraft:sleep_in_bed":2,"minecraft:time_since_rest":103826,"minecraft:damage_taken":1664,"minecraft:damage_dealt":8064,"minecraft:swim_one_cm":215621,"minecraft:fly_one_cm":595986,"minecraft:open_chest":25,"minecraft:crouch_one_cm":10334,"minecraft:fish_caught":5,"minecraft:fall_one_cm":64447},"minecraft:crafted":{"minecraft:oak_planks":128,"minecraft:furnace":1,"minecraft:flint_and_steel":1,"minecraft:iron_boots":1,"minecraft:iron_axe":1,"minecraft:stone_pickaxe":1,"minecraft:wheat":153,"minecraft:crafting_table":3,"minecraft:wooden_pickaxe":1,"minecraft:iron_helmet":1,"minecraft:iron_sword":1,"minecraft:bucket":2,"minecraft:stone_axe":1,"minecraft:bread":51,"minecraft:air":0,"minecraft:oak_boat":1,"minecraft:diamond_pickaxe":1,"minecraft:shield":1,"minecraft:stick":48,"minecraft:iron_ingot":30,"minecraft:iron_pickaxe":1,"minecraft:wooden_axe":1,"minecraft:iron_leggings":1,"minecraft:gold_ingot":9,"minecraft:torch":72,"minecraft:diamond_chestplate":1},"minecraft:killed":{"minecraft:spider":3,"minecraft:skeleton":3,"minecraft:chicken":1,"minecraft:drowned":10,"minecraft:parrot":1,"minecraft:pig":6,"minecraft:iron_golem":2,"minecraft:sheep":4,"minecraft:zombie":4,"minecraft:cow":25},"minecraft:dropped":{"minecraft:wheat_seeds":4,"minecraft:dripstone_block":2,"minecraft:feather":4,"minecraft:cod":5,"minecraft:stick":5,"minecraft:torch":1,"minecraft:wooden_axe":1,"minecraft:potion":2,"minecraft:heart_of_the_sea":3,"minecraft:sand":5,"minecraft:iron_pickaxe":1,"minecraft:string":1,"minecraft:fishing_rod":1,"minecraft:white_wool":2,"minecraft:bone":2,"minecraft:redstone":5,"minecraft:gravel":7,"minecraft:bowl":1,"minecraft:rotten_flesh":7,"minecraft:salmon":2,"minecraft:filled_map":5,"minecraft:leather_chestplate":2,"minecraft:potato":8,"minecraft:pink_wool":4,"minecraft:leather_boots":1,"minecraft:oak_sapling":2,"minecraft:spider_eye":1,"minecraft:bamboo":65,"minecraft:arrow":8,"minecraft:stone_pickaxe":1,"minecraft:beef":24,"minecraft:wooden_pickaxe":1},"minecraft:broken":{"minecraft:iron_pickaxe":1},"minecraft:used":{"minecraft:oak_fence":1,"minecraft:flint_and_steel":19,"minecraft:shield":26,"minecraft:iron_sword":106,"minecraft:cooked_salmon":3,"minecraft:torch":76,"minecraft:dirt":1,"minecraft:milk_bucket":1,"minecraft:wooden_axe":12,"minecraft:lava_bucket":44,"minecraft:iron_axe":2,"minecraft:iron_helmet":1,"minecraft:bamboo":1,"minecraft:oak_sapling":1,"minecraft:furnace":3,"minecraft:cooked_cod":2,"minecraft:cooked_beef":1,"minecraft:cobbled_deepslate":33,"minecraft:iron_leggings":1,"minecraft:water_bucket":68,"minecraft:stone_pickaxe":113,"minecraft:oak_planks":11,"minecraft:wooden_pickaxe":7,"minecraft:leather_chestplate":1,"minecraft:leather_boots":1,"minecraft:sand":2,"minecraft:tnt":4,"minecraft:crafting_table":10,"minecraft:white_bed":2,"minecraft:diamond_pickaxe":22,"minecraft:bread":36,"minecraft:suspicious_stew":1,"minecraft:iron_pickaxe":251,"minecraft:stone_axe":86,"minecraft:fishing_rod":11,"minecraft:cobblestone":175,"minecraft:bucket":114,"minecraft:oak_boat":3}},"DataVersion":2975}