{"stats":{"minecraft:picked_up":{"minecraft:stripped_oak_log":4,"minecraft:stick":4,"minecraft:crafting_table":4,"minecraft:leather":9,"minecraft:oak_fence":1,"minecraft:torch":5,"minecraft:sand":2,"minecraft:oak_log":28,"minecraft:white_bed":1,"minecraft:bone":2,"minecraft:arrow":2,"minecraft:apple":1,"minecraft:wheat_seeds":2,"minecraft:hay_block":17,"minecraft:beef":8,"minecraft:oak_boat":1,"minecraft:oak_sapling":2,"minecraft:sugar_cane":60,"minecraft:cobblestone":7},"minecraft:used":{"minecraft:oak_fence":1,"minecraft:wooden_axe":12,"minecraft:bread":5,"minecraft:oak_planks":11,"minecraft:leather_chestplate":1,"minecraft:wooden_pickaxe":7,"minecraft:leather_boots":1,"minecraft:stone_axe":44,"minecraft:torch":3,"minecraft:sand":2,"minecraft:crafting_table":4,"minecraft:oak_boat":1},"minecraft:dropped":{"minecraft:filled_map":1,"minecraft:wheat_seeds":2,"minecraft:wooden_axe":1,"minecraft:oak_sapling":2,"minecraft:wooden_pickaxe":1,"minecraft:bone":2},"minecraft:crafted":{"minecraft:oak_boat":1,"minecraft:oak_planks":40,"minecraft:crafting_table":1,"minecraft:stick":8,"minecraft:wooden_pickaxe":1,"minecraft:stone_pickaxe":1,"minecraft:wooden_axe":1,"minecraft:stone_axe":1,"minecraft:bread":51,"minecraft:wheat":153},"minecraft:custom":{"minecraft:time_since_rest":5023,"minecraft:sprint_one_cm":56669,"minecraft:damage_taken":138,"minecraft:walk_one_cm":18168,"minecraft:mob_kills":8,"minecraft:drop":7,"minecraft:damage_dealt":2596,"minecraft:swim_one_cm":24697,"minecraft:interact_with_crafting_table":5,"minecraft:fly_one_cm":155079,"minecraft:open_chest":5,"minecraft:crouch_one_cm":1264,"minecraft:play_time":18000,"minecraft:sneak_time":927,"minecraft:walk_under_water_one_cm":3257,"minecraft:boat_one_cm":17312,"minecraft:jump":595,"minecraft:walk_on_water_one_cm":5284,"minecraft:time_since_death":18000,"minecraft:sleep_in_bed":1,"minecraft:total_world_time":18000,"minecraft:fall_one_cm":7655},"minecraft:mined":{"minecraft:hay_block":17,"minecraft:white_bed":1,"minecraft:dandelion":1,"minecraft:oak_fence":1,"minecraft:crafting_table":4,"minecraft:grass":10,"minecraft:oak_log":28,"minecraft:sand":2,"minecraft:stripped_oak_log":4,"minecraft:tall_grass":2,"minecraft:cobblestone":7,"minecraft:sugar_cane":34,"minecraft:oak_leaves":3,"minecraft:wall_torch":3},"minecraft:killed":{"minecraft:skeleton":1,"minecraft:iron_golem":2,"minecraft:cow":5}},"DataVersion":2975}